practice_hours,quiz_score,passed,skill_level
1.786,56.073,0,0
5.493,87.993,1,2
6.515,48.869,0,0
0.787,48.652,0,0
1.979,50.436,0,0
9.782,65.870,0,0
1.204,50.372,0,0
1.798,54.967,0,0
9.983,83.630,1,1
6.719,52.392,0,0
4.190,70.258,1,1
5.614,76.975,1,1
7.128,96.740,1,2
3.253,63.134,0,1
1.880,50.699,0,0
8.380,89.301,1,2
7.204,55.182,0,0
5.624,87.367,1,2
8.667,52.738,0,0
5.991,45.777,0,0
10.309,92.345,1,2
2.545,81.137,1,1
6.037,50.376,0,0
5.336,59.112,0,0
4.033,88.505,1,2
6.416,50.768,0,0
2.853,93.418,1,2
8.522,51.132,0,0
9.173,74.840,0,1
1.788,55.151,0,0
5.171,75.175,1,1
3.271,54.755,0,0
1.331,51.362,0,0
9.459,65.023,0,0
4.799,84.059,1,2
1.977,73.997,0,1
7.234,75.464,0,1
2.522,73.186,0,1
9.514,76.353,0,1
2.671,52.947,0,0
0.831,69.711,0,0
2.508,49.797,0,0
3.957,50.566,0,0
5.189,57.704,0,0
9.561,46.603,0,0
7.474,53.359,0,0
3.893,67.015,0,1
0.669,46.175,0,0
2.098,98.691,1,2
10.464,93.457,1,1
5.097,85.039,1,2
7.410,59.286,0,0
1.047,79.582,0,1
0.841,54.875,0,0
8.959,99.483,1,2
6.379,84.267,1,2
3.587,67.392,0,1
3.674,70.151,1,1
1.392,66.362,0,0
2.227,92.247,1,2
0.746,79.432,0,1
8.891,50.852,0,0
5.163,50.184,0,0
1.772,88.665,1,2
7.892,61.020,0,0
2.457,68.702,0,1
1.119,78.497,0,1
6.484,61.113,0,1
9.458,86.380,1,1
0.769,83.766,1,1
8.551,49.144,0,0
2.402,77.237,1,1
1.429,96.140,1,2
0.680,81.329,0,1
3.430,57.181,0,0
7.771,59.916,0,0
5.432,92.173,1,2
9.029,87.810,1,2
2.672,59.452,0,0
3.652,72.646,1,1
3.081,63.670,0,1
10.283,89.897,1,2
9.910,48.672,0,0
3.907,46.555,0,0
4.860,99.882,1,2
3.643,57.570,0,1
7.965,57.778,0,0
0.900,91.224,1,1
1.174,94.100,1,2
4.540,77.718,1,1
2.951,55.072,0,0
8.952,58.350,0,0
7.918,55.098,0,0
5.958,45.107,0,0
7.115,46.391,0,0
7.423,69.461,1,1
8.311,76.846,1,1
9.775,52.452,0,0
1.997,46.201,0,0
6.761,55.307,0,0
1.936,50.767,0,0
4.931,49.552,0,0
8.363,59.087,0,0
9.447,59.406,0,0
8.092,51.145,0,0
0.854,51.358,0,0
4.094,46.860,0,0
2.131,71.140,1,1
10.488,48.724,0,0
1.940,80.348,0,1
2.943,94.738,1,2
4.072,56.415,0,0
1.109,57.072,0,0
9.204,85.531,1,1
6.864,75.022,1,1
2.097,47.971,0,0
5.483,96.455,1,2
1.287,46.947,0,0
6.610,75.490,0,1
2.817,56.079,0,0
0.886,86.700,1,1
1.652,53.069,0,0
6.053,74.287,1,1
6.870,71.199,0,1
3.748,67.870,0,1
6.935,70.699,0,1
4.021,69.466,0,1
1.807,60.321,0,0
3.652,70.472,1,1
4.453,52.754,0,0
9.626,52.287,0,0
1.657,76.366,0,1
1.362,70.596,0,0
6.115,77.035,1,1
10.134,74.017,0,1
9.573,78.091,0,1
7.502,60.037,0,0
1.168,99.052,1,2
8.564,59.352,0,0
7.334,58.796,0,0
1.939,60.302,0,0
5.149,46.967,0,0
0.993,99.519,1,2
8.519,91.660,1,2
7.686,98.461,1,2
8.546,70.144,0,1
8.104,90.650,1,2
3.173,88.715,1,2
8.397,56.783,0,0
2.992,74.668,1,1
1.879,48.323,0,0
4.404,89.299,1,2
5.478,64.321,0,1
3.358,90.680,1,2
6.558,78.950,1,1
6.525,76.057,1,1
2.898,60.098,0,0
6.726,88.192,1,2
4.073,56.719,0,0
7.847,52.329,0,0
3.404,62.437,0,1
8.488,82.061,1,1
4.651,84.792,1,2
6.032,49.493,0,0
7.233,95.617,1,2
5.684,56.064,0,0
3.076,93.527,1,2
10.294,75.428,0,1
1.461,99.045,1,2
3.749,49.760,0,0
5.991,77.304,1,1
0.787,71.458,0,0
2.049,55.469,0,0
8.493,86.194,1,2
8.338,70.863,0,1
6.870,92.499,1,2
9.518,91.061,1,2
8.055,57.866,0,0
3.488,63.099,0,1
6.949,59.140,0,0
3.901,85.925,1,2
7.998,90.798,1,2
4.348,88.825,1,2
2.032,45.063,0,0
9.265,78.276,1,1
7.404,46.852,0,0
7.947,99.420,1,2
6.096,94.128,1,2
8.329,64.909,0,1
4.979,64.206,0,1
6.158,51.069,0,0
1.126,75.245,0,1
6.051,80.659,1,1
8.646,85.113,1,2
7.555,52.826,0,0
8.532,75.159,0,1
5.461,83.554,1,2
9.313,89.990,1,2
1.583,45.992,0,0
9.257,71.700,0,1
4.213,61.501,0,1
1.410,75.061,0,1
6.693,74.683,1,1
5.049,66.716,0,1
4.784,97.755,1,2
9.020,79.684,1,1
1.878,62.456,0,0
6.669,96.792,1,2
4.638,63.869,0,1
5.783,88.058,1,2
5.494,86.122,1,2
1.841,52.553,0,0
5.620,64.163,0,1
9.121,57.995,0,0
2.212,97.446,1,2
0.615,68.850,0,0
1.176,93.490,1,2
5.098,78.765,1,1
10.245,87.196,1,2
0.942,57.726,0,0
10.409,65.842,0,0
5.861,90.244,1,2
1.701,83.897,1,1
4.685,95.877,1,2
2.574,87.768,1,2
7.642,81.879,1,1
5.915,82.037,1,2
3.380,60.087,0,0
3.054,52.794,0,0
9.170,77.511,1,1
8.162,77.552,1,1
4.862,92.691,1,2
4.555,58.899,0,1
7.875,58.563,0,0
10.207,95.855,1,2
1.296,71.492,0,0
2.091,71.676,0,1
4.123,80.707,1,2
5.577,45.476,0,0
1.214,55.161,0,0
1.035,95.212,1,2
2.695,52.010,0,0
4.360,95.974,1,2
7.893,95.728,1,2
6.599,48.360,0,0
0.792,73.525,0,1
0.950,61.517,0,0
5.020,81.707,1,2
9.249,96.308,1,2
9.650,61.897,0,0
4.151,52.631,0,0
9.374,96.414,1,2
9.791,87.529,1,2
4.566,65.220,0,1
7.961,91.772,1,2
4.153,73.881,1,1
2.036,50.726,0,0
6.252,65.711,0,1
1.364,85.736,0,1
7.134,62.247,0,0
8.592,80.545,1,1
9.654,54.628,0,0
4.980,87.978,1,2
1.674,56.283,0,0
9.525,63.435,0,0
9.204,87.508,1,2
10.176,55.798,0,0
6.440,69.966,0,1
7.234,89.566,1,2
4.233,80.203,1,2
2.331,49.376,0,0
3.417,50.600,0,0
7.707,87.474,1,2
3.750,47.951,0,0
7.416,53.608,0,0
5.522,48.401,0,0
4.990,55.589,0,0
10.176,79.075,0,1
2.161,61.687,0,0
5.372,46.408,0,0
2.097,80.895,1,1
9.875,77.154,0,1
5.386,74.974,1,1
3.820,78.061,1,1
2.183,79.914,1,1
6.441,55.679,0,0
4.490,45.790,0,0
1.772,66.671,0,0
0.824,45.904,0,0
4.413,67.929,1,1
6.332,90.480,1,2
5.688,50.955,0,0
9.500,82.607,1,1
9.616,78.496,0,1
9.863,91.580,1,2
8.497,73.896,0,1
5.276,82.694,1,2
5.738,86.992,1,2
4.473,78.683,1,1
4.495,56.404,0,0
0.916,96.231,1,2
8.488,71.183,0,1
2.960,57.052,0,0
0.793,91.622,1,1
5.165,79.562,1,2
7.679,65.577,0,1
4.860,85.684,1,2
4.141,70.834,1,1
7.085,81.149,1,1
2.129,93.127,1,2
0.613,46.057,0,0
6.424,86.375,1,2
5.805,95.542,1,2
9.158,90.476,1,2
4.659,99.906,1,2
8.361,68.447,0,1
0.679,58.169,0,0
0.773,64.700,0,0
6.486,46.896,0,0
2.762,80.770,1,1
1.173,52.224,0,0
1.777,92.427,1,2
4.247,99.650,1,2
3.871,68.438,1,1
6.138,86.217,1,2
9.376,60.529,0,0
4.157,99.576,1,2
2.342,95.661,1,2
6.280,81.638,1,2
0.522,74.582,0,1
4.348,46.082,0,0
3.672,98.593,1,2
4.374,45.246,0,0
1.008,95.809,1,2
6.042,71.399,0,1
6.742,99.576,1,2
7.995,66.604,0,0
10.075,63.776,0,0
4.047,80.020,1,2
7.063,85.445,1,2
4.920,77.015,1,1
2.650,46.607,0,0
9.393,54.553,0,0
7.959,67.373,0,0
9.928,62.954,0,0
8.715,80.743,1,1
9.675,97.876,1,2
1.780,79.440,1,1
0.657,76.841,0,1
2.486,48.346,0,0
4.621,61.346,0,1
7.376,89.334,1,2
4.885,90.218,1,2
5.633,53.999,0,0
8.110,83.297,1,1
1.206,91.992,1,2
7.283,96.034,1,2
0.987,70.501,0,0
2.986,66.823,0,1
7.723,48.849,0,0
7.331,60.786,0,0
4.553,49.994,0,0
3.446,74.595,1,1
8.781,56.996,0,0
3.248,93.555,1,2
0.812,54.552,0,0
2.973,47.991,0,0
0.712,94.814,1,2
8.607,78.423,1,1
1.723,78.233,0,1
10.240,80.820,0,1
2.630,48.037,0,0
3.561,48.959,0,0
6.352,62.546,0,1
3.582,69.095,1,1
4.293,72.688,1,1
1.542,85.154,1,1
4.391,77.465,1,1
0.752,71.668,0,0
2.740,88.298,1,2
9.595,75.348,0,1
3.308,48.128,0,0
3.209,72.688,1,1
7.293,65.042,0,1
9.329,65.017,0,0
3.458,56.174,0,0
4.263,83.591,1,2
7.647,57.002,0,0
8.421,52.019,0,0
6.638,81.069,1,1
2.290,89.071,1,2
2.307,95.069,1,2
8.080,57.391,0,0
7.568,45.286,0,0
9.463,74.498,0,1
8.298,98.985,1,2
4.712,57.889,0,1
1.833,64.281,0,0
9.405,94.353,1,2
7.455,81.232,1,1
6.264,78.270,1,1
7.319,85.262,1,2
4.351,53.965,0,0
3.933,70.088,1,1
6.254,56.855,0,0
5.327,78.253,1,1
7.590,80.589,1,1
9.861,73.551,0,1
8.973,86.463,1,2
4.375,53.417,0,0
4.225,70.711,1,1
9.768,45.512,0,0
4.446,58.099,0,1
8.502,50.477,0,0
1.427,61.399,0,0
5.011,94.694,1,2
5.662,94.961,1,2
8.588,60.904,0,0
9.276,75.443,0,1
2.027,60.076,0,0
6.672,58.394,0,0
6.791,71.447,1,1
2.015,96.389,1,2
8.836,94.938,1,2
6.035,94.037,1,2
10.117,96.168,1,2
2.363,91.880,1,2
5.750,53.401,0,0
3.735,45.926,0,0
6.925,62.739,0,0
6.581,48.269,0,0
5.624,57.828,0,0
3.749,55.520,0,0
5.539,72.737,0,1
4.223,96.231,1,2
9.408,82.591,1,1
5.115,82.915,1,2
5.252,70.566,0,1
3.086,91.968,1,2
3.038,81.732,1,1
10.039,98.424,1,2
3.640,48.048,0,0
9.183,64.056,0,0
6.448,80.632,1,1
10.305,63.519,0,0
2.141,65.934,0,1
9.916,65.474,0,0
8.225,90.048,1,2
6.180,57.197,0,0
7.589,85.299,1,2
7.724,56.260,0,0
4.984,79.540,1,1
6.845,76.642,1,1
2.786,55.474,0,0
0.714,78.039,0,1
7.265,53.615,0,0
5.245,76.052,1,1
9.556,82.950,1,1
3.140,59.549,0,0
8.680,58.098,0,0
10.363,59.171,0,0
9.481,47.252,0,0
10.144,75.839,0,1
2.091,78.708,1,1
2.151,95.534,1,2
2.783,50.359,0,0
4.115,62.865,0,1
1.654,98.655,1,2
2.007,74.957,0,1
0.685,71.304,0,0
9.833,68.676,0,1
4.111,74.712,1,1
6.760,87.412,1,2
5.045,48.005,0,0
7.931,70.922,0,1
8.561,49.002,0,0
4.330,50.527,0,0
5.853,66.159,0,1
1.475,53.858,0,0
3.355,56.183,0,0
2.728,69.634,0,1
3.586,92.752,1,2
3.745,97.217,1,2
6.250,71.937,0,1
3.828,58.163,0,0
3.769,75.116,1,1
8.813,63.749,0,0
0.621,90.803,1,2
0.553,97.530,1,2
1.071,45.819,0,0
9.155,47.110,0,0
6.837,83.957,1,2
7.780,98.228,1,2
10.077,59.619,0,0
2.680,79.465,1,1
9.700,45.920,0,0
2.926,85.895,1,2
5.689,72.447,1,1
7.311,98.842,1,2
8.473,96.735,1,2
2.981,51.590,0,0
5.270,56.192,0,0
0.956,79.075,0,1
3.379,52.984,0,0
10.310,78.234,0,1
9.551,87.345,1,2
6.321,74.192,1,1
8.365,69.316,0,1
9.522,99.179,1,2
3.819,92.802,1,2
10.305,85.630,1,1
4.985,80.663,1,2
2.089,54.127,0,0
5.801,56.288,0,0
6.436,80.451,1,1
7.428,85.626,1,2
7.210,62.967,0,0
0.914,74.846,0,1
6.890,61.954,0,0
9.716,93.011,1,2
7.201,70.991,1,1
10.252,60.544,0,0
5.615,90.322,1,2
8.602,67.440,0,1
1.903,86.184,1,2
9.455,58.391,0,0
4.864,77.460,1,1
9.267,65.747,0,0
3.708,55.558,0,0
6.743,81.753,1,1
8.966,86.286,1,2
7.614,78.009,1,1
6.699,70.526,0,1
10.206,85.719,1,1
1.380,51.120,0,0
1.520,46.594,0,0
6.016,56.912,0,0
10.047,85.432,1,2
7.365,74.930,1,1
3.596,61.877,0,1
1.577,82.427,1,1
4.983,64.239,0,1
5.303,64.098,0,1
5.183,87.859,1,2
6.693,98.743,1,2
3.228,99.416,1,2
9.304,60.395,0,0
3.383,77.924,1,1
1.571,57.333,0,0
3.990,55.124,0,0
9.857,57.366,0,0
2.094,85.322,1,1
3.277,87.002,1,2
9.766,69.250,0,1
3.981,62.074,0,1
8.931,61.604,0,0
0.954,63.375,0,0
9.385,89.680,1,2
2.873,66.940,0,1
2.306,57.548,0,0
7.922,91.280,1,2
10.395,53.670,0,0
10.093,96.663,1,2
8.023,67.038,0,1
9.643,88.507,1,2
10.371,73.200,0,1
6.028,83.407,1,2
1.946,81.218,0,1
8.994,77.071,0,1
4.459,96.308,1,2
3.627,75.648,1,1
5.509,75.146,1,1
0.849,87.671,1,1
0.687,70.407,0,0
3.143,65.372,0,1
6.459,80.623,1,1
7.994,69.174,0,1
10.072,55.205,0,0
8.681,77.037,1,1
9.911,64.207,0,0
6.863,73.123,0,1
7.839,91.058,1,2
6.374,98.301,1,2
1.314,99.729,1,2
1.119,49.818,0,0
8.101,95.011,1,2
2.523,98.291,1,2
8.398,68.135,0,0
5.141,65.851,0,1
0.569,70.433,0,0
6.115,50.524,0,0
4.930,82.620,1,2
1.239,58.367,0,0
3.111,56.321,0,0
3.566,70.411,0,1
3.957,90.730,1,2
7.568,48.925,0,0
2.173,75.430,1,1
4.933,95.936,1,2
6.568,92.800,1,2
9.963,53.056,0,0
1.650,60.052,0,0
1.293,46.937,0,0
2.417,87.949,1,2
2.706,48.522,0,0
2.128,78.454,1,1
1.260,91.071,1,2
2.595,82.602,1,2
2.734,91.427,1,2
5.295,78.461,1,1
6.977,47.568,0,0
4.139,54.603,0,0
2.182,93.841,1,2
1.447,52.411,0,0
3.131,64.316,0,1
2.208,67.809,0,0
5.310,85.293,1,2
9.211,99.781,1,2
7.665,87.590,1,2
2.532,52.364,0,0
0.858,48.510,0,0
1.176,71.570,0,0
4.858,52.839,0,0
4.136,66.644,0,1
7.324,79.036,1,1
1.339,72.332,0,1
3.046,64.307,0,1
7.358,67.425,0,1
6.181,99.985,1,2
5.667,87.721,1,2
9.517,51.792,0,0
1.633,71.174,0,1
2.455,84.634,1,2
6.156,98.306,1,2
6.153,61.778,0,0
10.301,89.572,1,1
10.274,86.160,1,1
6.373,51.194,0,0
8.089,47.051,0,0
7.474,49.043,0,0
1.829,50.458,0,0
6.523,83.190,1,1
3.558,47.134,0,0
4.090,87.028,1,2
2.063,77.015,0,1
0.583,95.941,1,2
9.036,61.269,0,0
7.671,93.505,1,2
8.022,96.357,1,2
3.380,72.043,1,1
4.674,66.407,0,1
2.261,74.348,0,1
6.522,89.978,1,2
8.892,93.144,1,2
8.288,79.915,1,1
9.838,56.053,0,0
3.105,46.049,0,0
7.513,90.338,1,2
1.767,88.396,1,2
5.863,63.566,0,1
1.602,60.691,0,0
5.903,92.018,1,2
5.921,65.506,0,1
3.969,53.504,0,0
3.995,80.842,1,1
7.611,99.510,1,2
5.310,78.974,1,1
4.576,48.774,0,0
1.627,56.212,0,0
3.323,62.734,0,0
8.971,99.107,1,2
10.220,56.248,0,0
4.232,61.583,0,1
9.208,47.610,0,0
9.237,61.918,0,0
2.681,91.865,1,2
3.238,61.479,0,0
7.460,85.860,1,2
3.560,99.630,1,2
10.053,52.093,0,0
4.151,59.255,0,1
7.802,65.637,0,0
7.573,45.999,0,0
2.636,46.862,0,0
9.160,95.555,1,2
3.787,99.292,1,2
1.601,69.471,0,0
1.002,95.386,1,2
5.018,56.738,0,0
6.830,67.060,0,1
3.214,82.365,1,2
8.919,61.103,0,0
3.175,81.608,1,2
8.975,78.152,1,1
0.831,98.251,1,2
3.127,89.976,1,2
2.095,63.711,0,0
4.977,76.734,1,1
4.008,71.732,1,1
4.448,73.423,1,1
9.015,74.790,1,1
6.296,70.358,0,1
6.554,46.897,0,0
4.400,53.060,0,0
8.580,58.447,0,0
5.518,97.450,1,2
7.960,95.972,1,2
9.642,81.796,1,1
6.620,94.726,1,2
4.852,88.150,1,2
3.136,79.198,1,1
9.620,59.776,0,0
8.149,55.317,0,0
8.495,46.738,0,0
2.714,96.506,1,2
4.867,62.962,0,1
9.336,98.969,1,2
2.960,46.663,0,0
8.639,73.980,0,1
5.886,97.149,1,2
2.688,47.789,0,0
4.255,99.997,1,2
1.262,86.924,1,2
7.231,60.677,0,0
7.769,98.697,1,2
0.790,88.997,1,1
3.514,60.357,0,0
8.188,95.754,1,2
2.504,58.326,0,0
5.870,92.552,1,2
8.559,91.327,1,2
6.200,81.857,1,1
1.722,73.961,0,0
9.592,62.105,0,0
7.967,54.129,0,0
6.149,68.516,0,1
3.828,52.972,0,0
6.323,74.302,0,1
4.415,77.596,1,1
1.687,85.567,1,1
1.721,66.065,0,0
0.953,68.862,0,0
2.204,85.435,1,2
2.956,65.356,0,0
6.853,50.414,0,0
6.302,93.707,1,2
6.405,53.469,0,0
8.720,48.162,0,0
1.451,58.199,0,0
4.389,91.571,1,2
1.293,86.577,1,1
4.688,51.285,0,0
1.288,80.474,0,1
1.163,92.883,1,2
1.543,96.486,1,2
4.399,74.637,1,1
8.131,92.746,1,2
3.319,64.716,0,1
7.918,46.574,0,0
2.833,53.550,0,0
3.372,59.711,0,0
5.214,47.276,0,0
1.250,98.139,1,2
4.989,99.990,1,2
6.336,94.114,1,2
8.746,74.127,0,1
1.062,68.859,0,0
8.499,62.975,0,0
6.197,76.234,1,1
6.283,52.138,0,0
1.011,87.431,1,2
9.299,63.847,0,0
3.273,89.087,1,2
5.965,50.538,0,0
5.886,60.184,0,0
9.601,90.543,1,2
6.514,88.316,1,2
10.414,81.130,1,1
2.821,76.584,1,1
7.122,99.182,1,2
6.268,81.423,1,2
5.635,62.385,0,1
6.776,55.786,0,0
6.006,68.711,0,1
3.868,96.150,1,2
6.916,54.371,0,0
1.334,92.877,1,2
5.290,86.639,1,2
5.028,54.310,0,0
2.632,45.725,0,0
6.181,48.605,0,0
7.199,73.600,1,1
1.750,58.862,0,0
3.470,84.418,1,2
1.120,75.439,0,1
6.472,66.050,0,1
1.317,75.689,0,1
2.794,84.703,1,2
4.979,84.096,1,2
5.017,52.546,0,0
0.830,59.013,0,0
9.973,56.009,0,0
2.800,78.294,0,1
6.600,97.339,1,2
2.722,70.837,0,1
6.458,48.242,0,0
4.027,66.463,0,1
3.686,61.007,0,1
5.244,69.810,0,1
6.363,98.465,1,2
6.482,98.150,1,2
7.385,75.549,1,1
3.186,85.085,1,2
1.416,46.308,0,0
3.034,76.826,1,1
3.767,78.961,1,1
6.574,91.233,1,2
4.644,68.733,1,1
3.613,68.074,1,1
1.483,91.892,1,2
6.466,52.496,0,0
1.600,97.640,1,2
5.669,83.575,1,2
7.384,92.772,1,2
6.731,93.237,1,2
2.097,66.803,0,0
4.060,95.904,1,2
9.909,84.664,1,1
1.408,79.409,0,1
7.288,52.151,0,0
4.864,72.487,1,1
6.635,75.889,1,1
4.437,53.192,0,0
1.738,63.421,0,0
6.124,71.352,1,1
0.561,57.137,0,0
9.140,58.605,0,0
8.487,66.997,0,1
4.238,52.325,0,0
5.874,62.053,0,0
5.775,66.941,0,1
10.297,58.990,0,0
0.937,57.212,0,0
3.477,68.155,0,1
4.570,81.619,1,2
8.374,48.213,0,0
7.800,63.140,0,0
4.734,60.605,0,1
0.617,77.309,0,0
6.979,50.269,0,0
4.568,51.661,0,0
1.668,96.790,1,2
6.810,75.144,1,1
4.949,77.747,1,1
3.564,53.856,0,0
3.191,45.907,0,0
5.708,49.637,0,0
2.977,47.397,0,0
4.433,64.997,0,1
9.920,58.327,0,0
5.278,97.812,1,2
3.035,47.298,0,0
5.713,45.075,0,0
9.673,49.590,0,0
9.162,45.440,0,0
7.272,71.809,1,1
9.491,67.112,0,0
8.066,61.811,0,0
7.301,97.934,1,2
4.781,86.066,1,2
1.994,55.491,0,0
7.820,50.199,0,0
6.843,93.687,1,2
10.179,91.820,1,2
3.710,49.163,0,0
9.267,91.206,1,2
2.686,78.477,1,1
9.963,87.872,1,1
10.458,84.915,0,1
0.972,62.565,0,0
3.746,92.120,1,2
10.483,47.342,0,0
10.183,96.454,1,2
7.206,47.873,0,0
1.845,81.566,1,1
0.566,70.825,0,0
2.992,79.984,1,2
9.944,96.173,1,2
8.549,84.930,1,2
4.785,72.361,1,1
8.112,82.808,1,2
9.523,65.259,0,0
3.499,52.847,0,0
9.244,52.484,0,0
3.195,59.743,0,0
3.787,94.576,1,2
0.947,68.939,0,0
2.102,82.913,1,1
6.009,63.587,0,1
0.739,90.557,1,2
5.958,79.738,1,1
2.200,58.762,0,0
7.988,47.916,0,0
1.780,87.620,1,2
2.570,54.825,0,0
3.189,86.897,1,2
6.327,52.808,0,0
8.585,89.474,1,2
8.032,83.345,1,2
7.912,54.947,0,0
7.317,69.679,0,1
5.934,81.075,1,2
3.926,54.983,0,0
2.299,55.910,0,0
9.137,54.930,0,0
4.592,48.617,0,0
7.002,97.518,1,2
1.183,57.061,0,0
4.109,75.180,1,1
1.504,54.851,0,0
4.045,59.946,0,1
7.832,93.845,1,2
3.911,55.404,0,0
7.322,48.967,0,0
1.732,91.200,1,2
4.350,73.028,1,1
4.601,69.545,1,1
5.590,96.588,1,2
2.784,64.840,0,0
7.487,87.839,1,2
9.323,67.120,0,1
8.626,68.701,0,1
0.809,85.456,1,1
5.381,66.857,0,1
3.940,46.447,0,0
6.228,59.505,0,0
1.333,92.743,1,2
7.796,62.868,0,0
4.668,78.374,1,1
9.939,78.347,1,1
0.691,88.866,1,1
4.677,65.822,0,1
5.367,81.798,1,2
8.811,65.208,0,1
8.064,59.178,0,0
2.320,49.060,0,0
3.577,89.852,1,2
7.858,49.337,0,0
4.697,65.969,0,1
3.130,80.263,1,2
9.807,59.919,0,0
8.931,72.541,0,1
4.054,90.621,1,2
5.995,85.839,1,2
9.792,63.997,0,0
2.666,94.739,1,2
9.591,92.510,1,2
9.345,89.873,1,2
7.765,57.123,0,0
7.361,66.984,0,1
7.350,99.826,1,2
5.942,77.508,1,1
6.323,58.472,0,0
2.473,69.561,0,1
6.126,65.152,0,1
7.229,76.176,1,1
5.355,62.322,0,1
7.293,97.089,1,2
5.082,72.391,1,1
8.535,71.965,0,1
7.709,46.748,0,0
1.390,57.744,0,0
8.193,56.229,0,0
3.348,68.052,0,1
1.314,48.683,0,0
1.712,61.696,0,0
3.740,91.099,1,2
5.746,72.469,0,1
3.802,94.495,1,2
2.534,67.364,0,1
8.192,77.087,1,1
4.238,92.461,1,2
9.239,65.188,0,0
2.945,70.750,0,1
7.399,67.891,0,1
4.075,74.043,1,1
8.997,60.143,0,0
6.964,84.678,1,2
7.286,56.992,0,0
1.429,48.654,0,0
8.014,51.955,0,0
4.044,53.617,0,0
7.902,72.289,1,1
8.952,87.529,1,2
1.724,68.312,0,1
0.653,54.067,0,0
8.080,50.832,0,0
10.185,87.191,1,1
9.504,66.616,0,0
4.855,46.331,0,0
8.836,82.905,1,1
0.735,90.078,1,2
1.085,97.478,1,2
6.315,92.672,1,2
5.775,46.735,0,0
8.749,82.580,1,2
2.835,76.544,1,1
5.127,65.970,1,1
10.395,51.187,0,0
3.528,52.950,0,0
4.545,87.799,1,2
6.575,62.653,0,1
10.451,79.905,0,1
2.327,76.846,0,1
7.410,84.754,1,2
4.642,84.009,1,2
4.507,65.951,0,1
3.068,53.244,0,0
5.154,73.061,0,1
6.248,59.203,0,1
4.422,85.989,1,2
5.557,75.929,1,1
6.860,77.156,1,1
9.017,85.461,1,2
6.110,84.423,1,2
4.326,71.216,1,1
10.115,89.995,1,2
2.225,87.308,1,2
0.955,88.393,1,1
9.584,50.144,0,0
3.159,88.205,1,2
2.015,75.680,0,1
4.353,70.742,0,1
3.929,87.332,1,2
4.047,93.352,1,2
9.011,90.095,1,2
3.404,47.845,0,0
1.826,93.426,1,2
2.657,54.477,0,0
9.997,75.301,0,1
4.788,95.565,1,2
4.107,56.776,0,0
8.274,82.238,1,1
9.856,63.344,0,0
5.602,53.937,0,0
8.646,92.249,1,2
3.146,88.684,1,2
4.004,95.253,1,2
6.264,48.482,0,0
2.864,56.125,0,0
3.252,49.267,0,0
2.375,48.940,0,0
3.123,72.044,0,1
8.893,90.228,1,2
8.448,90.065,1,2
1.639,45.572,0,0
3.989,62.676,0,1
7.722,62.666,0,1
9.097,97.819,1,2
6.102,60.452,0,0
7.766,87.222,1,2
2.874,54.403,0,0
8.318,56.157,0,0
8.709,80.992,1,1
4.570,76.323,1,2
2.858,76.015,1,1
0.831,53.931,0,0
6.795,91.061,1,2
6.825,91.254,1,2
0.512,58.471,0,0
5.701,76.565,1,1
9.884,63.133,0,0
0.789,55.528,0,0
1.874,96.909,1,2
1.078,75.673,0,1
4.865,50.253,0,0
4.348,69.029,1,1
9.202,59.107,0,0
1.164,98.730,1,2
2.505,60.665,0,0
9.880,71.251,0,1
0.690,63.141,0,0
3.092,50.966,0,0
4.443,93.805,1,2
0.506,83.743,0,1
3.372,95.549,1,2
6.529,92.263,1,2
6.653,78.238,1,1
6.587,76.922,0,1
7.008,83.497,1,2
6.645,66.355,0,1
0.846,84.905,1,1
7.048,52.347,0,0
6.338,77.217,1,1
2.678,83.605,1,2
4.695,52.541,0,0
2.877,47.448,0,0
9.180,67.716,0,1
3.288,87.342,1,2
2.129,62.191,0,0
8.466,54.142,0,0
8.111,83.537,1,1
9.022,85.009,1,2
7.274,60.566,0,0
4.668,53.960,0,0
5.255,69.030,1,1
6.052,54.885,0,0
6.460,45.627,0,0
9.952,90.491,1,2
3.154,73.931,1,1
8.184,55.090,0,0
0.669,61.205,0,0
2.402,62.586,0,0
9.944,68.836,0,0
3.011,96.264,1,2
5.611,89.306,1,2
9.665,51.012,0,0
7.046,83.958,1,1
5.385,69.922,0,1
7.518,58.973,0,0
10.284,48.673,0,0
9.912,79.340,1,1
2.313,98.229,1,2
1.900,46.768,0,0
3.379,95.159,1,2
1.951,91.939,1,2
8.141,63.001,0,0
8.838,84.412,1,2
1.907,83.864,1,1
1.232,83.254,1,1
3.737,79.361,1,1
7.369,89.591,1,2
8.202,92.508,1,2
5.107,58.268,0,0
6.891,73.004,1,1
9.675,95.013,1,2
9.302,50.461,0,0
1.677,75.344,0,1
7.632,88.853,1,2
8.266,94.496,1,2
9.573,81.215,1,1
4.681,73.766,1,1
2.060,72.217,0,1
5.238,59.563,0,0
4.202,63.703,0,1
4.437,82.920,1,2
8.528,93.608,1,2
7.019,97.215,1,2
7.301,95.996,1,2
7.027,59.776,0,0
1.917,58.532,0,0
1.084,49.500,0,0
4.451,94.385,1,2
8.997,75.780,0,1
6.987,63.294,0,0
8.414,80.710,1,1
6.725,90.425,1,2
8.343,84.923,1,2
10.462,55.485,0,0
7.633,75.853,1,1
9.117,46.008,0,0
10.229,60.348,0,0
7.906,76.218,1,1
8.630,80.322,1,1
1.286,56.604,0,0
0.864,82.492,1,1
9.734,64.256,0,0
2.877,48.297,0,0
3.553,99.274,1,2
1.852,75.899,0,1
6.845,78.386,1,1
0.797,53.954,0,0
8.491,86.701,1,2
3.484,48.897,0,0
7.939,54.027,0,0
9.607,90.817,1,2
7.403,87.125,1,1
4.746,69.452,1,1
6.749,53.712,0,0
9.053,71.631,1,1
7.613,59.900,0,0
3.023,65.421,0,1
0.576,54.668,0,0
9.298,95.160,1,2
6.734,90.352,1,2
1.135,99.188,1,2
6.010,64.128,0,1
6.390,68.819,0,1
3.434,82.685,1,2
9.360,95.492,1,2
2.898,51.985,0,0
1.938,52.527,0,0
3.593,48.695,0,0
3.884,47.699,0,0
9.341,56.980,0,0
7.071,61.511,0,0
1.719,69.585,0,1
4.437,82.776,1,2
1.528,86.294,1,1
7.557,94.409,1,2
9.049,88.751,1,2
1.435,62.001,0,0
5.499,99.415,1,2
2.946,63.948,0,0
3.350,52.620,0,0
7.968,94.090,1,2
10.270,95.270,1,2
3.289,68.598,0,1
5.926,55.386,0,0
3.603,62.430,0,1
1.121,96.693,1,2
6.525,50.427,0,0
2.054,84.720,1,2
7.377,46.989,0,0
7.972,80.644,1,1
1.923,89.527,1,2
6.463,78.020,1,1
2.584,45.553,0,0
8.131,48.885,0,0
3.359,71.964,1,1
7.396,86.887,1,2
6.979,51.955,0,0
6.252,66.139,0,1
2.676,97.640,1,2
8.843,45.479,0,0
4.048,98.773,1,2
8.206,55.397,0,0
5.250,55.365,0,0
4.981,91.962,1,2
7.622,98.355,1,2
3.909,85.662,1,2
8.135,45.453,0,0
4.949,54.266,0,0
7.905,98.240,1,2
7.475,75.623,0,1
9.953,88.830,1,2
4.586,89.738,1,2
3.990,76.461,1,1
10.448,57.815,0,0
5.663,62.116,0,1
4.685,92.438,1,2
7.507,98.240,1,2
3.001,56.343,0,0
10.078,82.570,1,1
8.039,87.723,1,2
6.990,54.999,0,0
3.418,76.685,1,1
8.593,81.835,1,1
9.691,66.400,0,1
8.414,65.896,0,0
9.623,62.812,0,0
1.422,85.651,1,1
7.912,94.179,1,2
9.163,77.870,1,1
5.262,50.063,0,0
1.301,85.489,1,2
5.926,65.733,0,1
2.925,95.664,1,2
0.826,70.169,0,0
9.858,78.318,0,1
8.823,77.880,1,1
6.845,94.177,1,2
7.985,82.474,1,1
7.214,75.334,1,1
5.128,77.402,1,1
1.713,78.453,0,1
3.387,84.299,1,2
5.561,95.860,1,2
6.321,67.709,0,1
3.515,72.051,1,1
1.772,85.991,1,2
3.923,92.960,1,2
2.356,89.967,1,2
9.806,83.995,1,1
2.710,77.308,1,1
4.441,52.373,0,0
5.919,48.340,0,0
3.023,51.672,0,0
5.449,86.928,1,2
6.027,48.011,0,0
0.991,57.342,0,0
9.974,80.329,1,1
5.880,67.003,0,1
1.961,46.395,0,0
10.324,97.259,1,2
2.182,92.614,1,2
7.775,45.618,0,0
5.324,76.992,1,1
3.076,95.793,1,2
4.296,51.231,0,0
5.312,71.422,0,1
4.209,65.627,0,1
2.970,99.814,1,2
4.661,48.856,0,0
4.858,48.680,0,0
7.378,69.255,0,1
2.476,70.970,0,1
0.955,66.557,0,0
8.838,77.993,1,1
1.193,60.445,0,0
6.814,85.525,1,2
5.990,68.908,0,1
10.250,98.881,1,2
2.399,49.296,0,0
9.377,80.005,1,1
1.803,56.177,0,0
2.215,79.370,1,1
7.038,74.788,1,1
2.157,58.924,0,0
6.365,66.454,0,1
7.250,73.747,0,1
1.754,79.504,0,1
8.402,94.542,1,2
4.731,76.726,1,1
10.171,93.751,1,2
0.614,77.250,0,1
1.286,76.076,0,1
6.701,52.848,0,0
3.072,82.507,1,2
4.527,99.734,1,2
9.589,56.925,0,0
3.938,89.568,1,2
1.012,78.435,0,1
1.930,49.237,0,0
6.056,58.008,0,0
8.248,71.805,0,1
8.078,51.615,0,0
5.215,49.642,0,0
2.896,65.738,0,1
1.785,98.080,1,2
2.733,59.310,0,0
2.504,98.552,1,2
9.574,54.906,0,0
4.578,66.990,1,1
1.667,92.922,1,2
6.881,67.166,0,1
5.072,92.992,1,2
0.791,76.217,0,1
10.298,77.199,0,1
9.963,89.692,1,2
3.126,87.762,1,2
8.830,52.092,0,0
5.051,75.203,1,1
7.237,96.440,1,2
7.034,61.450,0,0
7.819,53.379,0,0
4.905,95.941,1,2
1.966,81.077,1,1
8.543,88.077,1,2
4.904,80.069,1,2
4.921,51.106,0,0
8.093,94.850,1,2
7.354,57.084,0,0
10.390,91.358,1,2
4.379,72.392,1,1
6.849,65.280,0,0
1.338,57.464,0,0
1.626,94.808,1,2
3.047,91.068,1,2
3.299,53.044,0,0
4.962,98.621,1,2
2.788,55.731,0,0
9.861,98.168,1,2
4.780,79.158,1,1
4.324,73.261,1,1
9.520,85.626,1,1
8.457,91.213,1,2
8.202,67.715,0,1
9.641,92.143,1,2
7.866,93.420,1,2
3.556,68.314,1,1
10.113,85.628,1,1
0.771,79.596,0,1
9.471,76.923,1,1
4.694,77.090,1,1
3.877,53.744,0,0
5.246,91.957,1,2
4.498,81.276,1,2
9.104,50.497,0,0
8.561,74.320,0,1
7.967,57.112,0,0
2.827,70.113,0,1
4.899,87.139,1,2
1.250,47.411,0,0
7.925,85.860,1,2
0.922,67.349,0,0
4.459,50.325,0,0
2.011,50.646,0,0
9.021,98.444,1,2
9.685,68.009,0,1
3.395,59.904,0,0
9.224,87.063,1,2
2.280,45.219,0,0
7.611,97.591,1,2
3.007,75.230,1,1
4.955,48.891,0,0
6.610,76.289,1,1
4.011,91.775,1,2
2.478,74.428,0,1
6.379,47.241,0,0
8.440,65.198,0,0
10.458,53.337,0,0
3.723,45.475,0,0
3.076,83.775,1,2
1.264,83.618,0,1
2.547,50.471,0,0
0.759,67.184,0,0
2.997,84.421,1,2
7.760,55.689,0,0
1.647,74.695,0,1
6.963,52.484,0,0
3.449,49.282,0,0
2.789,84.840,1,2
5.336,62.570,0,1
4.862,81.259,1,2
4.968,79.579,1,2
1.676,91.485,1,2
6.146,50.869,0,0
9.521,71.576,0,1
0.593,47.984,0,0
1.310,88.619,1,2
6.360,70.761,0,1
3.686,83.126,1,2
3.019,93.443,1,2
10.380,81.349,1,1
3.582,53.948,0,0
9.709,63.148,0,0
6.668,89.308,1,2
0.803,63.704,0,0
3.159,78.633,1,2
1.257,70.594,0,0
5.879,82.096,1,1
9.583,88.556,1,2
1.026,80.932,0,1
0.780,92.455,1,1
0.793,55.522,0,0
3.230,89.575,1,2
2.162,55.795,0,0
10.183,78.721,0,1
8.250,91.770,1,2
9.893,82.860,1,1
6.299,47.640,0,0
8.711,90.850,1,2
7.589,63.212,0,0
3.421,52.042,0,0
7.027,98.205,1,2
3.393,65.694,0,1
5.142,52.534,0,0
8.727,91.518,1,2
2.707,80.671,1,1
2.249,50.898,0,0
9.016,46.511,0,0
5.132,95.721,1,2
2.238,97.704,1,2
3.678,95.118,1,2
3.306,90.095,1,2
9.462,47.986,0,0
5.228,95.482,1,2
9.702,62.260,0,0
5.203,66.153,0,1
9.894,55.189,0,0
9.665,60.266,0,0
6.176,46.666,0,0
8.364,97.131,1,2
3.371,48.811,0,0
1.655,99.640,1,2
6.542,47.974,0,0
1.052,58.311,0,0
5.175,49.690,0,0
6.700,97.227,1,2
8.176,52.833,0,0
9.467,84.979,1,1
2.541,87.470,1,2
9.155,84.551,1,2
5.463,55.378,0,0
6.728,90.144,1,2
5.120,61.045,0,1
8.978,93.146,1,2
3.500,48.118,0,0
0.581,48.313,0,0
8.792,50.472,0,0
7.116,55.490,0,0
7.665,95.626,1,2
1.742,60.102,0,0
2.562,45.580,0,0
6.754,75.748,1,1
7.972,73.724,1,1
7.111,57.602,0,0
6.460,84.441,1,2
7.048,68.063,0,1
1.978,45.048,0,0
5.007,64.633,0,1
3.795,66.076,0,1
7.862,59.977,0,0
5.674,54.141,0,0
7.701,70.972,1,1
7.448,93.664,1,2
9.552,55.646,0,0
9.062,94.293,1,2
1.016,49.482,0,0
7.177,78.947,1,1
4.235,51.408,0,0
1.509,79.606,0,1
5.283,60.992,0,0
8.932,83.491,1,1
8.464,91.077,1,2
1.558,60.213,0,0
2.523,90.381,1,2
7.449,57.892,0,0
10.182,69.940,0,0
1.272,49.449,0,0
1.387,68.991,0,0
7.456,96.818,1,2
6.660,53.971,0,0
8.611,71.709,0,1
2.483,48.450,0,0
5.443,84.959,1,2
8.509,57.874,0,0
4.324,86.811,1,2
4.496,79.741,1,2
0.828,97.971,1,2
8.478,56.594,0,0
4.966,83.973,1,2
4.280,78.672,1,1
7.054,49.337,0,0
9.029,73.659,0,1
9.163,97.999,1,2
3.924,91.012,1,2
6.583,63.810,0,1
4.375,78.893,1,1
8.888,63.391,0,1
8.436,87.836,1,2
7.117,85.109,1,2
8.735,54.547,0,0
5.598,87.909,1,2
6.210,97.377,1,2
2.126,79.809,0,1
7.579,90.022,1,2
3.382,64.944,0,1
6.118,50.469,0,0
0.521,84.462,0,1
4.474,86.182,1,2
6.658,79.351,1,1
6.807,93.651,1,2
6.137,53.762,0,0
3.020,74.256,1,1
7.044,50.887,0,0
7.112,89.462,1,2
6.399,57.124,0,0
4.271,51.398,0,0
2.021,89.592,1,2
6.066,72.862,1,1
1.019,81.690,0,1
9.662,89.777,1,2
4.026,86.976,1,2
3.329,98.823,1,2
5.007,90.357,1,2
1.538,94.372,1,2
9.342,53.849,0,0
10.296,48.902,0,0
8.732,93.335,1,2
6.238,68.596,0,1
9.907,91.312,1,2
3.804,92.662,1,2
5.151,84.248,1,2
2.215,68.943,0,1
4.747,82.284,1,2
9.776,75.177,0,1
7.134,84.006,1,2
5.957,49.004,0,0
5.860,62.122,0,1
6.850,74.318,0,1
6.599,79.029,1,1
5.025,62.508,0,1
5.608,62.722,0,1
1.513,49.314,0,0
4.934,94.071,1,2
7.247,95.213,1,2
2.733,58.999,0,0
3.269,60.194,0,0
8.548,51.414,0,0
1.859,82.996,1,1
2.455,80.358,1,2
8.685,65.997,0,1
1.709,88.627,1,2
3.505,89.650,1,2
9.604,48.180,0,0
4.629,48.000,0,0
8.675,81.683,1,1
8.146,62.656,0,0
0.700,93.462,1,2
2.696,54.715,0,0
9.619,62.570,0,0
3.713,51.713,0,0
4.539,92.017,1,2
9.848,93.500,1,2
1.597,79.861,1,1
10.217,99.040,1,2
6.967,83.446,1,2
6.785,56.717,0,0
0.508,64.712,0,0
6.807,92.258,1,2
8.721,62.387,0,0
4.441,62.074,0,1
1.231,84.346,1,1
1.820,91.395,1,2
1.276,95.987,1,2
4.650,81.910,1,2
8.671,51.395,0,0
1.087,55.553,0,0
4.558,89.849,1,2
4.508,62.771,0,1
4.481,86.794,1,2
5.767,50.178,0,0
5.853,66.867,0,1
2.541,86.060,1,2
8.444,82.409,1,1
5.670,87.786,1,2
4.021,86.487,1,2
10.141,80.024,0,1
7.558,98.384,1,2
2.130,79.765,0,1
10.192,60.931,0,0
6.283,81.648,1,1
3.903,67.835,0,1
2.874,64.213,0,1
1.178,85.431,1,1
2.939,82.322,1,2
3.390,48.128,0,0
3.941,96.395,1,2
10.380,49.696,0,0
6.424,84.760,1,2
2.422,59.790,0,0
4.206,77.717,1,1
4.824,77.324,1,1
1.331,67.461,0,0
5.184,85.145,1,2
5.583,94.434,1,2
9.596,75.181,0,1
4.832,52.339,0,0
7.387,75.782,1,1
7.297,96.663,1,2
2.250,66.436,0,0
6.172,45.350,0,0
4.990,68.381,0,1
2.127,59.345,0,0
0.739,75.456,0,1
10.458,53.394,0,0
1.405,98.283,1,2
9.366,92.036,1,2
4.165,47.410,0,0
1.317,96.816,1,2
10.146,48.922,0,0
7.103,45.494,0,0
4.545,90.410,1,2
8.880,46.467,0,0
7.577,82.177,1,1
4.656,69.607,0,1
7.679,59.398,0,0
7.878,64.727,0,0
2.222,54.631,0,0
7.664,52.437,0,0
9.666,66.865,0,0
7.376,70.014,0,1
8.494,54.232,0,0
10.400,46.205,0,0
8.464,52.599,0,0
5.198,84.891,1,2
6.122,95.465,1,2
8.168,99.037,1,2
6.823,55.495,0,0
1.209,70.535,0,0
1.102,97.776,1,2
3.226,53.026,0,0
8.683,94.474,1,2
2.716,49.086,0,0
3.690,69.750,1,1
8.731,63.446,0,0
1.789,85.903,1,2
3.298,98.728,1,2
3.064,72.437,1,1
0.974,95.003,1,2
7.926,94.396,1,2
3.706,87.898,1,2
4.576,64.772,0,1
3.830,46.977,0,0
1.158,86.828,1,1
8.948,53.720,0,0
1.845,71.454,0,1
3.355,81.015,1,2
7.708,47.494,0,0
3.984,77.025,1,1
5.568,96.320,1,2
3.802,80.894,1,1
6.102,97.193,1,2
3.673,88.407,1,2
5.064,63.595,0,1
0.589,69.310,0,0
0.652,78.299,0,1
5.569,68.965,0,1
8.670,94.513,1,2
10.486,95.981,1,2
8.532,58.488,0,0
5.744,47.377,0,0
6.943,82.457,1,1
7.214,82.687,1,2
7.796,91.426,1,2
10.418,66.132,0,0
3.937,92.853,1,2
4.964,65.258,0,1
8.290,87.461,1,2
2.660,85.427,1,2
1.460,87.625,1,2
9.489,78.044,1,1
0.660,76.816,0,1
9.439,91.483,1,2
9.648,69.328,0,1
2.156,66.612,0,1
8.052,54.396,0,0
3.388,50.867,0,0
3.211,86.979,1,2
10.336,81.531,1,1
9.370,54.150,0,0
8.144,61.433,0,0
4.861,80.548,1,2
10.359,63.378,0,0
6.205,69.759,0,1
10.300,70.155,0,1
7.714,68.458,0,1
0.968,56.499,0,0
8.482,64.101,0,1
8.880,87.343,1,2
9.311,86.828,1,2
6.721,94.839,1,2
0.876,83.711,0,1
9.175,94.583,1,2
4.720,95.345,1,2
2.466,96.282,1,2
2.585,72.574,0,1
2.516,90.434,1,2
8.657,81.232,1,1
1.227,67.749,0,0
9.682,62.496,0,0
0.669,69.988,0,0
7.729,82.322,1,1
2.806,87.273,1,2
5.648,61.027,0,1
2.273,55.586,0,0
9.497,67.315,0,1
2.059,65.719,0,0
5.168,65.897,0,1
6.586,93.207,1,2
5.032,92.603,1,2
2.662,47.078,0,0
3.400,64.570,0,1
9.845,60.023,0,0
1.752,95.736,1,2
0.676,99.783,1,2
9.587,76.380,0,1
9.362,51.675,0,0
7.352,48.464,0,0
5.220,71.659,1,1
10.019,77.770,0,1
4.631,49.665,0,0
0.630,81.181,0,1
4.852,46.746,0,0
5.792,88.827,1,2
5.983,47.531,0,0
9.382,85.823,1,1
1.177,87.019,1,1
9.041,57.582,0,0
5.723,56.867,0,0
7.822,72.909,1,1
4.637,48.339,0,0
3.462,68.702,0,1
3.857,84.967,1,2
3.245,92.949,1,2
5.036,67.443,1,1
6.479,53.391,0,0
8.809,52.241,0,0
2.244,56.855,0,0
5.001,58.115,0,1
5.821,98.584,1,2
8.682,99.229,1,2
7.602,72.164,0,1
6.732,94.175,1,2
7.243,96.765,1,2
4.982,55.878,0,0
8.565,56.961,0,0
8.874,89.784,1,2
6.162,59.095,0,0
1.670,61.647,0,0
4.762,69.374,1,1
3.147,63.176,0,1
2.418,59.485,0,0
3.467,47.478,0,0
8.693,78.689,1,1
3.978,79.354,1,1
4.797,69.443,0,1
4.328,70.883,1,1
2.346,64.809,0,1
6.214,94.594,1,2
4.667,54.307,0,0
9.866,52.292,0,0
6.685,97.021,1,2
10.280,60.122,0,0
9.089,62.658,0,0
5.408,66.218,0,1
0.664,85.439,0,1
2.629,85.592,1,2
1.693,93.944,1,2
7.876,56.143,0,0
1.878,89.653,1,2
6.951,46.913,0,0
3.725,97.261,1,2
5.305,89.320,1,2
8.067,93.703,1,2
3.483,65.608,0,1
2.217,59.245,0,0
3.380,60.645,0,0
9.936,60.710,0,0
6.028,86.083,1,2
3.371,71.429,1,1
1.957,93.907,1,2
1.182,62.265,0,0
3.840,45.325,0,0
6.640,47.369,0,0
5.068,90.968,1,2
8.622,76.908,1,1
10.447,92.939,1,2
6.202,55.657,0,0
3.949,64.960,0,1
8.447,86.125,1,2
1.387,73.078,0,1
8.096,82.769,1,2
9.317,90.885,1,2
8.261,55.885,0,0
1.487,50.473,0,0
6.311,91.497,1,2
8.522,68.793,0,1
4.616,87.186,1,2
8.940,99.546,1,2
2.160,51.394,0,0
5.787,59.920,0,1
6.082,99.395,1,2
8.383,64.582,0,0
4.620,94.680,1,2
3.083,78.942,1,1
7.621,79.233,1,1
1.642,48.263,0,0
4.179,48.905,0,0
5.180,84.967,1,2
8.378,85.651,1,2
4.748,61.561,0,1
6.122,83.171,1,2
7.283,93.909,1,2
7.256,51.426,0,0
10.135,70.265,0,1
5.132,93.414,1,2
6.218,50.843,0,0
0.694,62.641,0,0
2.419,85.035,1,2
2.988,94.124,1,2
2.612,88.076,1,2
5.691,46.521,0,0
2.493,67.895,0,1
6.200,54.049,0,0
8.758,47.958,0,0
1.226,66.587,0,0
2.929,62.949,0,0
5.467,86.482,1,2
0.962,74.188,0,0
1.933,60.907,0,0
6.250,74.208,1,1
4.495,63.734,0,1
9.537,62.157,0,0
6.204,84.791,1,2
8.071,53.322,0,0
3.959,45.786,0,0
4.271,45.186,0,0
9.035,63.073,0,0
6.653,71.155,0,1
9.645,98.753,1,2
3.024,97.762,1,2
1.646,53.755,0,0
7.272,82.932,1,2
1.751,45.562,0,0
1.260,82.155,1,1
4.404,99.600,1,2
7.365,78.155,1,1
4.104,82.889,1,2
8.031,80.072,1,1
5.053,45.420,0,0
3.349,60.540,0,1
5.843,69.233,1,1
6.545,73.697,0,1
1.999,75.007,0,1
6.416,81.946,1,2
2.185,69.517,0,1
10.182,60.488,0,0
5.815,83.343,1,2
2.554,48.016,0,0
0.925,48.617,0,0
2.645,71.394,0,1
3.683,65.848,0,1
6.235,60.839,0,0
7.135,61.350,0,0
7.616,90.213,1,2
4.911,79.243,1,1
6.802,46.090,0,0
6.036,58.478,0,0
3.465,68.947,0,1
2.690,58.258,0,0
4.493,68.058,0,1
7.396,71.653,0,1
1.845,51.228,0,0
6.860,65.281,0,1
0.707,72.930,0,0
2.337,70.181,0,1
7.198,79.337,1,1
8.581,64.631,0,0
8.172,64.507,0,1
7.335,69.550,0,1
3.041,90.115,1,2
10.378,95.958,1,2
6.510,75.323,1,1
9.601,86.762,1,2
9.865,71.488,0,1
2.887,83.967,1,2
10.198,70.267,0,1
1.312,72.809,0,0
6.874,84.063,1,2
3.067,94.410,1,2
1.441,62.493,0,0
6.194,98.463,1,2
2.626,77.719,1,1
8.364,46.550,0,0
5.116,68.894,0,1
3.198,98.464,1,2
0.618,57.552,0,0
7.420,84.305,1,2
6.865,90.352,1,2
8.552,79.597,1,1
4.332,75.548,1,1
9.649,96.416,1,2
0.736,49.094,0,0
9.688,63.882,0,0
8.147,99.966,1,2
1.524,97.732,1,2
10.371,47.012,0,0
1.398,70.150,0,0
8.011,72.572,0,1
2.944,50.905,0,0
7.410,50.653,0,0
8.870,51.539,0,0
1.679,49.804,0,0
3.745,53.560,0,0
9.452,59.087,0,0
5.275,90.259,1,2
2.031,53.570,0,0
1.369,83.130,0,1
1.730,88.568,1,2
1.558,97.524,1,2
4.069,56.448,0,0
8.266,79.168,1,1
5.029,48.962,0,0
1.483,50.688,0,0
4.026,88.875,1,2
5.337,91.979,1,2
4.982,98.175,1,2
6.913,98.099,1,2
7.306,62.690,0,0
7.978,73.983,0,1
5.859,99.512,1,2
0.799,83.673,1,1
8.196,57.379,0,0
8.331,55.973,0,0
7.794,71.600,0,1
4.876,66.295,0,1
9.369,92.549,1,2
1.463,77.924,0,1
7.902,75.016,1,1
6.463,59.630,0,0
7.501,76.861,1,1
1.173,73.400,0,1
10.181,69.564,0,0
0.802,65.309,0,0
2.269,75.904,1,1
5.666,71.385,0,1
6.229,45.932,0,0
2.279,54.250,0,0
3.374,48.694,0,0
9.651,69.262,0,1
3.713,97.528,1,2
4.952,96.142,1,2
1.615,67.404,0,0
6.189,98.380,1,2
7.509,57.434,0,0
7.909,66.151,0,1
2.826,94.417,1,2
4.192,72.834,1,1
7.044,58.817,0,0
10.230,78.991,0,1
8.198,54.908,0,0
2.692,76.321,1,1
1.155,64.670,0,0
3.781,59.295,0,1
5.793,53.272,0,0
3.220,75.304,1,1
8.399,85.453,1,2
3.065,86.565,1,2
1.739,56.575,0,0
6.524,62.970,0,0
8.101,57.647,0,0
2.550,83.572,1,1
3.838,99.578,1,2
3.098,81.327,1,1
0.788,84.200,1,1
7.328,55.427,0,0
1.008,68.649,0,0
6.619,66.963,0,1
6.771,86.384,1,2
5.802,46.280,0,0
0.925,76.683,0,1
0.874,72.135,0,0
5.650,83.539,1,2
5.406,84.555,1,2
0.655,52.702,0,0
0.608,68.121,0,0
8.234,89.068,1,2
3.745,66.444,0,1
7.669,45.097,0,0
2.486,97.049,1,2
3.156,56.045,0,0
9.482,75.080,0,1
2.477,50.840,0,0
4.583,89.559,1,2
5.486,60.300,0,0
7.619,46.877,0,0
3.708,74.782,1,1
6.993,57.110,0,0
2.722,69.952,0,1
7.313,97.731,1,2
0.712,49.356,0,0
2.368,51.748,0,0
1.110,69.537,0,0
1.520,57.056,0,0
7.982,92.990,1,2
5.141,49.846,0,0
8.333,94.160,1,2
10.250,47.398,0,0
2.361,57.821,0,0
8.189,45.761,0,0
10.219,51.346,0,0
3.594,65.230,0,1
1.272,64.709,0,0
5.118,52.770,0,0
5.926,56.216,0,0
7.381,65.652,0,1
6.208,47.032,0,0
3.518,95.907,1,2
2.124,88.963,1,2
3.900,47.157,0,0
5.188,62.118,0,1
2.356,59.401,0,0
3.487,82.321,1,2
9.341,86.386,1,2
4.735,48.354,0,0
1.753,81.416,1,1
7.155,45.300,0,0
4.050,50.508,0,0
5.651,71.635,1,1
4.427,52.180,0,0
1.648,51.801,0,0
7.871,91.573,1,2
6.188,85.280,1,2
10.390,87.117,1,1
0.547,50.103,0,0
6.273,73.873,1,1
4.757,45.685,0,0
4.848,92.082,1,2
7.726,76.371,0,1
2.924,70.168,0,1
4.500,62.007,0,1
1.833,79.052,0,1
6.168,49.648,0,0
4.874,87.067,1,2
0.926,96.255,1,2
2.804,87.806,1,2
4.453,45.237,0,0
5.819,89.590,1,2
1.429,95.819,1,2
6.693,98.514,1,2
8.677,46.557,0,0
3.829,54.348,0,0
1.167,68.707,0,0
1.966,62.319,0,0
8.130,55.939,0,0
5.822,82.594,1,2
1.861,58.876,0,0
2.179,69.868,0,1
8.832,83.956,1,2
7.295,88.096,1,2
7.456,97.729,1,2
1.904,49.098,0,0
10.405,61.522,0,0
3.039,92.448,1,2
4.040,54.474,0,0
2.839,88.740,1,2
9.926,62.657,0,0
6.816,94.101,1,2
6.033,70.229,1,1
4.642,94.252,1,2
7.671,83.787,1,2
5.186,48.544,0,0
5.117,63.268,0,1
2.018,61.028,0,0
8.736,72.661,0,1
1.162,74.036,0,1
9.575,59.852,0,0
9.664,76.893,0,1
5.734,52.073,0,0
2.133,94.262,1,2
2.679,84.660,1,2
1.897,59.994,0,0
7.508,53.602,0,0
4.128,82.164,1,2
10.323,71.032,0,0
3.913,88.389,1,2
3.797,96.077,1,2
7.267,50.828,0,0
9.283,57.526,0,0
5.767,71.266,1,1
1.722,63.863,0,0
2.207,99.528,1,2
7.651,67.160,0,1
8.158,80.489,1,1
10.399,46.214,0,0
6.232,95.437,1,2
8.320,50.091,0,0
7.248,82.943,1,2
5.998,64.677,0,1
8.582,57.621,0,0
2.538,87.521,1,2
2.031,93.509,1,2
3.597,63.299,0,1
4.350,63.090,0,1
9.995,54.982,0,0
8.749,63.573,0,1
7.944,71.554,0,1
9.415,70.829,0,1
4.334,53.226,0,0
10.347,53.403,0,0
9.576,77.742,0,1
2.352,53.166,0,0
4.277,93.444,1,2
3.580,91.223,1,2
2.430,74.623,1,1
9.872,55.192,0,0
4.406,81.572,1,2
9.190,73.457,0,1
6.465,68.819,0,1
1.098,84.708,1,1
4.835,59.897,0,1
8.300,77.518,0,1
3.689,93.146,1,2
3.427,59.639,0,0
1.435,45.800,0,0
5.240,77.703,1,1
9.924,58.644,0,0
0.687,49.142,0,0
9.368,62.934,0,0
6.497,69.265,0,1
3.303,61.389,0,0
9.483,70.483,0,1
9.775,94.791,1,2
10.231,65.109,0,0
5.127,58.348,0,0
4.644,50.484,0,0
7.146,46.730,0,0
9.388,92.072,1,2
4.000,85.655,1,2
3.820,57.548,0,1
4.587,65.675,0,1
0.710,97.616,1,2
8.901,63.786,0,0
5.076,52.881,0,0
5.168,79.535,1,1
6.828,98.915,1,2
8.589,67.535,0,1
7.554,90.224,1,2
3.836,85.239,1,2
3.447,79.427,1,2
3.831,57.046,0,0
5.822,51.362,0,0
8.608,83.741,1,2
0.580,81.645,1,1
6.553,95.527,1,2
8.939,54.848,0,0
6.115,57.491,0,0
4.311,96.467,1,2
5.241,65.219,0,1
5.646,83.379,1,2
6.770,94.194,1,2
1.251,74.643,0,1
8.424,45.325,0,0
6.017,90.159,1,2
3.271,97.777,1,2
9.655,83.055,1,1
4.485,61.118,0,1
8.249,69.140,0,1
3.475,63.854,0,1
5.982,55.258,0,0
2.399,73.972,0,1
3.236,92.024,1,2
3.792,76.404,1,1
1.936,89.038,1,2
8.105,71.747,0,1
5.006,50.085,0,0
3.971,52.403,0,0
6.351,49.010,0,0
2.799,86.143,1,2
4.879,67.456,0,1
6.177,63.049,0,1
6.660,95.886,1,2
4.725,75.630,1,1
7.930,72.363,0,1
9.168,49.243,0,0
10.134,89.645,1,2
6.102,51.341,0,0
10.152,81.048,0,1
9.884,63.425,0,0
7.053,67.211,0,1
1.845,85.443,1,2
6.911,89.538,1,2
5.812,50.327,0,0
7.525,81.617,1,1
3.208,75.096,1,1
10.430,75.243,0,1
3.963,59.384,0,0
10.496,85.211,1,1
3.264,95.043,1,2
5.277,75.608,1,1
7.315,48.269,0,0
3.097,96.776,1,2
4.566,85.533,1,2
7.117,54.203,0,0
8.027,67.246,0,1
9.668,85.650,1,2
6.018,79.391,1,1
10.128,63.549,0,0
3.320,70.847,1,1
6.591,95.036,1,2
8.075,82.650,1,1
1.332,81.661,1,1
8.370,68.622,0,1
8.691,46.740,0,0
6.126,57.632,0,0
9.737,73.493,0,1
7.494,54.780,0,0
4.170,78.271,1,2
8.567,98.139,1,2
5.689,79.114,1,1
7.332,76.557,1,1
10.382,78.861,0,1
7.463,68.947,0,1
8.274,63.037,0,0
8.662,82.836,1,1
2.504,69.189,0,1
0.876,50.949,0,0
1.258,54.219,0,0
5.147,67.177,1,1
10.157,87.534,1,2
4.961,47.567,0,0
9.738,81.417,1,1
3.432,91.825,1,2
1.920,51.246,0,0
4.565,88.733,1,2
8.943,81.542,1,1
10.174,86.469,1,1
5.884,47.170,0,0
4.301,64.626,0,1
8.375,85.163,1,2
4.752,56.442,0,0
3.521,74.140,1,1
8.062,79.510,1,1
1.330,69.639,0,0
8.268,73.667,1,1
10.041,45.819,0,0
1.529,50.785,0,0
8.319,67.582,0,1
0.735,61.846,0,0
1.749,72.058,0,1
3.427,80.642,1,1
10.494,87.771,1,1
1.030,59.168,0,0
5.063,88.465,1,2
4.924,98.211,1,2
2.270,52.738,0,0
10.279,89.504,1,1
2.865,55.777,0,0
9.515,45.467,0,0
5.930,70.350,1,1
7.630,98.124,1,2
7.935,93.283,1,2
7.247,67.910,0,1
8.591,53.764,0,0
9.312,66.660,0,1
1.916,86.506,1,2
1.392,50.144,0,0
5.036,70.325,1,1
1.576,53.570,0,0
6.409,81.695,1,1
9.916,76.881,0,1
5.649,88.374,1,2
2.181,59.018,0,0
1.668,71.763,0,0
5.819,46.341,0,0
7.933,82.856,1,1
8.563,67.335,0,1
8.059,55.441,0,0
5.147,63.031,0,1
9.253,95.309,1,2
5.909,54.440,0,0
7.331,74.726,1,1
0.525,55.923,0,0
5.406,97.422,1,2
1.367,51.052,0,0
2.626,46.134,0,0
3.512,51.568,0,0
6.235,98.199,1,2
1.265,64.486,0,0
7.622,90.122,1,2
4.447,51.149,0,0
2.679,59.469,0,0
10.056,90.737,1,2
7.109,68.934,0,1
3.859,51.733,0,0
1.729,86.289,1,2
5.399,88.913,1,2
8.216,84.760,1,2
5.621,61.280,0,0
3.597,92.865,1,2
1.629,48.533,0,0
2.738,85.366,1,2
8.402,79.890,1,1
2.095,71.033,0,1
10.310,70.112,0,0
7.794,80.916,1,1
4.532,90.265,1,2
2.389,81.551,1,1
5.155,97.763,1,2
10.025,92.618,1,2
1.689,89.845,1,2
2.936,97.187,1,2
1.269,50.305,0,0
7.738,86.522,1,2
10.009,75.113,0,1
6.068,97.100,1,2
3.477,60.983,0,0
10.138,83.272,0,1
6.371,77.710,1,1
10.101,65.159,0,0
4.231,87.978,1,2
1.956,90.689,1,2
1.199,85.603,1,1
3.171,81.603,1,2
4.833,49.941,0,0
8.135,70.791,0,1
5.189,83.031,1,2
3.193,86.517,1,2
9.505,94.769,1,2
6.269,45.211,0,0
6.527,66.562,0,0
8.701,92.265,1,2
7.209,71.331,1,1
2.916,52.782,0,0
10.028,48.027,0,0
2.114,80.903,1,1
2.103,53.637,0,0
6.989,69.455,0,1
6.326,68.374,0,1
2.792,65.949,0,1
7.523,68.425,0,1
1.494,77.900,0,1
5.251,85.699,1,2
9.970,93.111,1,2
9.459,72.768,0,1
6.538,96.807,1,2
8.432,47.039,0,0
7.132,50.532,0,0
2.832,46.053,0,0
9.085,59.015,0,0
6.611,73.202,1,1
6.458,98.381,1,2
10.032,61.258,0,0
6.092,50.830,0,0
3.758,55.606,0,0
4.723,49.831,0,0
6.057,55.360,0,0
9.220,57.374,0,0
8.924,57.102,0,0
4.476,70.065,0,1
5.385,47.211,0,0
1.000,56.635,0,0
6.890,45.242,0,0
8.526,83.176,1,1
2.477,86.334,1,2
6.857,99.605,1,2
1.901,91.103,1,2
8.890,90.568,1,2
7.805,59.164,0,0
9.845,92.072,1,2
3.340,61.936,0,1
2.203,82.204,1,1
6.208,68.692,0,1
1.080,74.850,0,0
8.709,91.219,1,2
2.544,53.719,0,0
1.833,94.891,1,2
1.980,78.124,0,1
7.535,51.309,0,0
0.994,71.777,0,0
4.716,97.549,1,2
2.316,51.648,0,0
8.306,46.198,0,0
1.041,47.834,0,0
2.464,88.638,1,2
8.218,59.547,0,0
5.658,67.783,0,1
1.652,73.218,0,1
10.400,63.383,0,0
4.211,55.934,0,0
4.695,72.960,1,1
7.916,79.906,1,1
5.423,60.413,0,0
8.797,90.075,1,2
5.858,74.336,0,1
2.957,51.688,0,0
5.858,81.487,1,2
8.887,65.049,0,0
3.303,79.255,1,1
6.857,88.148,1,2
6.296,46.797,0,0
7.429,67.853,0,1
4.100,67.987,0,1
2.766,56.989,0,0
7.145,56.566,0,0
8.978,61.749,0,1
5.214,53.245,0,0
1.867,48.702,0,0
8.539,59.981,0,0
5.782,60.679,0,1
7.323,81.177,1,1
1.514,79.714,0,1
8.348,65.305,0,0
4.225,79.537,1,1
9.399,59.102,0,0
2.977,70.192,0,1
0.561,63.436,0,0
3.693,49.248,0,0
7.739,63.670,0,0
7.698,91.382,1,2
8.978,83.479,1,2
2.605,55.230,0,0
6.439,94.357,1,2
1.229,83.819,1,1
2.745,97.977,1,2
0.957,55.954,0,0
6.788,76.796,1,1
9.454,82.370,1,1
6.511,45.995,0,0
6.527,67.797,0,1
9.537,88.888,1,2
3.797,91.700,1,2
6.068,49.972,0,0
8.596,60.978,0,0
2.443,55.265,0,0
7.532,77.565,1,1
1.271,53.903,0,0
4.196,90.573,1,2
2.349,79.804,1,1
4.825,54.981,0,0
2.543,87.110,1,2
1.113,51.942,0,0
4.945,90.087,1,2
4.404,56.980,0,1
7.840,72.642,0,1
0.641,46.450,0,0
6.857,61.884,0,1
0.944,58.634,0,0
5.357,98.045,1,2
0.702,84.178,1,1
9.609,90.848,1,2
5.377,87.059,1,2
5.272,49.638,0,0
1.210,75.890,0,1
8.367,62.969,0,0
3.163,65.294,0,1
5.203,51.645,0,0
7.720,85.744,1,2
8.414,61.617,0,0
4.361,55.350,0,1
1.107,46.295,0,0
10.359,85.794,1,1
3.052,93.023,1,2
0.920,50.953,0,0
6.699,59.231,0,0
9.235,73.774,0,1
1.379,84.008,1,1
0.958,72.335,0,1
7.271,85.792,1,2
6.226,89.112,1,2
3.090,68.751,0,1
3.150,83.764,1,2
8.173,86.710,1,2
0.710,51.523,0,0
2.906,74.016,1,1
4.125,61.690,0,1
8.243,58.676,0,0
3.642,94.674,1,2
1.043,95.273,1,2
7.934,52.231,0,0
7.382,91.008,1,2
1.774,86.363,1,1
7.780,66.103,0,1
6.732,65.543,0,1
4.179,64.821,0,1
6.282,93.808,1,2
5.528,68.280,0,1
8.435,72.831,0,1
10.015,79.604,0,1
3.909,52.692,0,0
1.403,45.884,0,0
4.146,85.305,1,2
6.494,66.713,0,1
3.064,88.721,1,2
2.047,91.238,1,2
2.620,49.866,0,0
8.986,59.055,0,0
7.640,63.773,0,1
1.756,94.279,1,2
3.495,59.563,0,0
3.209,69.536,0,1
1.624,79.654,0,1
8.890,97.341,1,2
3.391,64.401,0,1
6.149,98.548,1,2
4.324,87.909,1,2
1.201,89.932,1,2
0.864,70.426,0,1
7.446,85.232,1,2
6.780,48.031,0,0
5.423,80.494,1,2
2.273,65.473,0,0
3.905,56.950,0,0
5.570,94.169,1,2
2.659,46.963,0,0
6.265,66.827,0,1
8.896,73.151,0,1
2.277,98.656,1,2
9.811,80.129,1,1
5.578,53.150,0,0
10.276,76.890,0,1
10.178,88.534,1,2
1.139,83.430,1,1
7.318,75.329,1,1
2.933,60.592,0,0
6.709,67.224,0,1
9.396,93.370,1,2
5.082,47.874,0,0
7.029,74.009,0,1
7.178,59.221,0,0
2.378,56.065,0,0
4.757,56.005,0,0
3.411,56.895,0,0
5.329,93.101,1,2
8.126,99.741,1,2
1.950,89.385,1,2
6.031,98.004,1,2
5.541,53.397,0,0
4.350,98.204,1,2
8.917,57.778,0,0
4.003,57.071,0,0
8.499,62.956,0,0
1.207,68.469,0,0
4.893,92.867,1,2
1.589,90.654,1,2
8.968,52.445,0,0
7.145,88.739,1,2
2.624,79.878,1,2
4.224,98.649,1,2
1.772,81.491,0,1
9.350,67.341,0,0
9.428,70.920,0,1
9.424,95.967,1,2
6.556,46.177,0,0
3.145,97.333,1,2
5.059,71.213,1,1
7.148,50.733,0,0
4.754,94.500,1,2
1.079,90.782,1,1
5.750,61.279,0,1
1.376,70.167,0,0
2.851,62.049,0,0
8.670,63.394,0,0
6.638,82.936,1,1
8.470,91.058,1,2
7.292,55.046,0,0
7.077,55.197,0,0
2.972,55.153,0,0
7.582,90.644,1,2
1.763,51.914,0,0
0.682,69.616,0,0
3.891,53.006,0,0
2.067,63.257,0,0
7.450,50.566,0,0
3.357,56.813,0,0
0.846,89.585,1,1
8.256,81.224,1,1
9.849,80.245,0,1
7.610,64.778,0,1
10.052,62.539,0,0
8.331,47.747,0,0
9.794,66.359,0,0
7.230,90.688,1,2
8.348,59.873,0,0
8.454,57.287,0,0
1.667,45.406,0,0
3.699,85.482,1,2
6.667,52.348,0,0
3.715,54.249,0,0
9.229,48.762,0,0
1.043,78.253,0,1
1.780,53.049,0,0
3.778,81.537,1,1
3.928,78.105,1,1
8.827,96.381,1,2
0.650,63.917,0,0
8.772,73.743,1,1
10.225,95.919,1,2
0.996,78.480,0,1
10.019,84.714,1,1
7.103,53.139,0,0
1.819,95.233,1,2
8.813,68.835,0,1
1.692,81.370,1,1
4.341,87.770,1,2
2.886,63.308,0,1
4.344,99.247,1,2
1.957,70.338,0,1
4.289,88.330,1,2
6.188,70.436,0,1
5.142,73.918,1,1
5.716,75.889,1,1
9.433,65.683,0,1
9.016,67.434,0,1
1.628,48.109,0,0
7.849,86.470,1,2
8.461,92.239,1,2
9.593,96.715,1,2
4.428,45.566,0,0
9.732,81.933,1,1
6.068,46.456,0,0
5.186,81.944,1,1
5.582,96.382,1,2
4.623,73.027,1,1
7.400,51.347,0,0
5.817,77.721,1,1
9.281,91.939,1,2
5.191,77.708,1,2
1.024,78.020,0,1
2.067,72.287,0,1
4.627,56.950,0,0
5.216,69.984,1,1
8.635,81.875,1,1
6.406,45.295,0,0
2.194,51.872,0,0
3.523,90.765,1,2
5.862,59.142,0,0
8.434,65.913,0,0
7.588,51.452,0,0
6.903,52.771,0,0
3.055,76.054,1,1
6.205,74.343,1,1
2.954,67.786,0,1
1.153,78.145,0,1
8.086,52.551,0,0
7.002,75.692,1,1
10.383,50.812,0,0
7.972,57.365,0,0
3.026,64.753,0,1
0.780,59.145,0,0
4.803,63.628,0,1
3.900,71.067,0,1
5.657,80.981,1,1
4.245,51.635,0,0
0.980,78.902,0,1
1.185,63.673,0,0
4.086,58.022,0,0
6.391,51.807,0,0
2.255,70.973,1,1
2.295,45.940,0,0
2.819,55.452,0,0
7.917,63.363,0,1
8.142,99.020,1,2
5.373,69.563,0,1
1.045,70.734,0,0
9.904,93.297,1,2
9.188,75.578,1,1
3.514,80.399,1,2
0.587,64.584,0,0
5.419,51.454,0,0
2.182,56.461,0,0
4.300,49.130,0,0
4.500,74.858,1,1
3.615,49.902,0,0
9.633,69.468,0,1
4.395,59.324,0,1
1.621,45.095,0,0
6.249,82.755,1,1
9.383,46.549,0,0
2.814,75.247,1,1
5.575,68.212,1,1
4.279,92.032,1,2
7.256,66.679,0,1
3.624,52.742,0,0
3.051,67.210,0,1
10.108,70.505,0,0
8.734,49.417,0,0
7.532,57.382,0,0
7.062,55.163,0,0
9.838,56.771,0,0
1.071,89.027,1,1
4.905,61.755,0,1
6.729,82.674,1,2
1.788,45.953,0,0
10.455,99.842,1,2
7.363,92.368,1,2
8.091,68.809,0,1
10.161,48.976,0,0
6.281,70.851,1,1
9.630,81.923,1,1
4.230,61.428,0,1
9.716,45.142,0,0
5.573,61.729,0,1
8.253,78.667,1,1
3.216,49.762,0,0
5.263,73.181,1,1
6.063,88.660,1,2
5.655,80.578,1,1
9.734,87.825,1,1
5.069,86.712,1,2
9.260,92.842,1,2
1.611,67.613,0,0
2.605,81.989,1,1
2.257,97.997,1,2
2.328,82.781,1,2
6.356,99.960,1,2
1.518,97.244,1,2
7.234,64.616,0,0
9.216,52.435,0,0
9.726,60.492,0,0
1.055,51.338,0,0
2.964,50.512,0,0
4.909,68.706,0,1
0.645,96.725,1,2
7.238,96.399,1,2
5.047,80.562,1,1
4.769,98.709,1,2
2.056,60.986,0,0
1.190,53.628,0,0
9.340,95.103,1,2
6.484,93.628,1,2
3.963,61.062,0,1
9.302,85.651,1,1
1.668,52.891,0,0
4.478,96.614,1,2
1.233,60.612,0,0
8.436,55.621,0,0
9.329,98.904,1,2
3.347,47.692,0,0
8.683,58.060,0,0
10.016,99.988,1,2
2.803,70.038,0,1
10.158,66.270,0,1
3.858,78.240,1,1
7.583,47.243,0,0
5.867,46.339,0,0
3.994,66.331,0,1
6.514,94.790,1,2
0.503,94.138,1,1
5.517,90.862,1,2
5.494,92.120,1,2
6.840,69.812,0,1
8.153,86.647,1,2
9.301,80.298,1,1
8.519,54.802,0,0
9.217,48.448,0,0
4.254,84.204,1,2
1.558,69.201,0,0
7.005,94.410,1,2
0.951,98.718,1,2
10.046,71.890,0,1
5.322,50.818,0,0
3.065,63.174,0,1
0.810,70.218,0,0
8.930,58.637,0,0
8.839,67.082,0,1
1.840,81.835,1,1
8.221,85.798,1,1
1.373,83.519,0,1
7.458,52.668,0,0
5.829,97.829,1,2
6.911,69.905,0,1
1.872,46.253,0,0
8.428,89.970,1,2
8.369,61.447,0,0
8.915,99.699,1,2
4.527,53.320,0,0
3.090,93.639,1,2
5.998,86.097,1,2
7.485,49.170,0,0
8.104,83.399,1,2
4.989,49.596,0,0
6.589,51.379,0,0
6.962,62.188,0,1
6.415,84.155,1,2
7.677,70.260,0,1
3.594,49.043,0,0
2.849,94.370,1,2
3.388,63.851,0,1
8.418,50.601,0,0
10.185,66.632,0,0
3.679,92.304,1,2
7.043,74.592,0,1
6.313,92.088,1,2
9.304,91.683,1,2
0.650,83.660,0,1
6.719,51.190,0,0
9.198,59.188,0,0
10.150,54.817,0,0
4.664,74.757,1,1
5.316,56.637,0,0
8.897,56.114,0,0
9.847,74.867,0,1
2.860,70.500,0,1
9.380,74.200,0,1
1.700,82.228,1,1
1.014,90.006,1,1
0.828,51.963,0,0
1.251,71.880,0,0
1.461,58.155,0,0
2.847,97.173,1,2
3.380,94.847,1,2
10.194,63.534,0,0
8.522,99.258,1,2
1.535,94.217,1,2
2.429,89.606,1,2
7.434,50.326,0,0
6.505,59.136,0,0
4.959,79.878,1,2
4.756,60.846,0,1
7.959,59.160,0,0
5.413,45.403,0,0
7.697,50.802,0,0
0.614,96.047,1,2
1.504,60.230,0,0
2.357,55.836,0,0
6.424,71.068,0,1
6.318,81.083,1,1
9.188,83.418,1,1
9.369,87.886,1,2
8.580,65.975,0,1
3.812,99.034,1,2
1.090,83.957,1,1
9.351,54.688,0,0
9.806,84.707,1,1
0.745,84.036,0,1
0.538,81.870,0,1
2.278,63.420,0,0
4.108,66.550,1,1
7.559,73.618,1,1
5.062,66.833,0,1
7.111,91.599,1,2
8.638,49.444,0,0
2.264,51.818,0,0
3.599,93.185,1,2
10.208,97.004,1,2
5.909,46.018,0,0
5.429,61.337,0,1
6.011,84.288,1,2
5.974,79.637,1,1
7.747,54.416,0,0
9.204,82.861,1,1
6.741,77.459,1,1
6.814,53.999,0,0
6.283,85.787,1,2
2.890,93.984,1,2
8.141,93.504,1,2
2.482,84.844,1,2
3.075,77.232,1,1
3.895,99.691,1,2
5.749,55.233,0,0
8.681,78.249,1,1
4.064,69.418,1,1
6.527,45.300,0,0
4.852,54.978,0,0
4.964,77.575,1,1
10.165,52.721,0,0
6.978,78.896,1,1
0.677,45.773,0,0
9.142,90.865,1,2
5.511,60.376,0,1
10.136,88.057,1,2
1.746,80.380,1,1
10.096,63.514,0,0
7.053,58.170,0,0
6.714,93.917,1,2
5.474,53.104,0,0
10.172,81.350,1,1
8.868,52.768,0,0
5.739,80.258,1,2
4.252,73.475,1,1
4.385,70.287,0,1
5.279,99.739,1,2
2.297,52.190,0,0
2.835,95.197,1,2
7.116,47.861,0,0
8.212,46.633,0,0
9.565,93.250,1,2
2.082,65.436,0,0
3.590,71.847,1,1
2.348,50.461,0,0
6.761,82.026,1,1
3.518,48.679,0,0
3.700,69.121,1,1
1.174,56.770,0,0
8.232,97.889,1,2
9.822,97.002,1,2
1.864,75.891,0,1
5.401,68.695,0,1
8.351,99.728,1,2
9.191,94.838,1,2
4.014,75.336,1,1
1.098,46.768,0,0
8.162,58.803,0,0
7.596,83.086,1,1
4.460,89.294,1,2
10.329,90.349,1,2
7.664,97.448,1,2
6.203,56.613,0,0
6.400,94.315,1,2
1.299,67.450,0,0
10.096,72.896,0,1
10.398,47.892,0,0
2.147,71.191,0,1
8.187,75.545,1,1
6.294,80.818,1,2
4.442,71.022,1,1
6.406,53.159,0,0
1.712,94.178,1,2
4.003,54.221,0,0
3.834,98.428,1,2
7.313,61.444,0,0
5.779,87.410,1,2
0.763,59.694,0,0
3.383,86.881,1,2
4.338,68.408,0,1
4.131,51.135,0,0
8.368,75.015,1,1
8.788,49.424,0,0
10.017,87.126,1,1
9.907,55.468,0,0
5.386,93.880,1,2
6.086,59.037,0,0
6.531,50.438,0,0
5.572,82.273,1,2
0.881,60.166,0,0
1.605,77.121,0,1
8.463,95.594,1,2
8.029,68.918,0,1
3.607,98.660,1,2
2.477,80.486,1,1
6.186,81.036,1,2
8.980,46.566,0,0
1.051,93.513,1,2
7.019,93.497,1,2
2.752,47.769,0,0
3.061,81.363,1,1
4.912,50.342,0,0
2.138,94.826,1,2
7.950,86.589,1,2
1.461,45.875,0,0
5.453,89.628,1,2
7.183,76.668,1,1
8.800,79.890,0,1
6.033,53.496,0,0
1.798,98.199,1,2
8.585,75.901,1,1
9.888,87.017,1,2
0.802,70.891,0,0
9.651,75.982,0,1
6.715,68.329,0,1
6.475,45.125,0,0
4.383,63.233,0,1
2.127,99.532,1,2
6.505,80.532,1,1
9.351,46.271,0,0
0.742,98.890,1,2
6.050,84.536,1,2
6.875,81.835,1,1
9.692,53.841,0,0
0.650,94.013,1,2
4.197,54.696,0,0
1.769,98.708,1,2
3.609,45.599,0,0
9.573,82.294,1,1
2.301,59.838,0,0
4.091,82.001,1,2
8.718,92.440,1,2
7.995,74.259,0,1
9.670,84.769,1,1
1.739,57.686,0,0
1.218,90.400,1,2
2.719,48.995,0,0
5.446,72.353,1,1
7.298,55.027,0,0
1.674,54.965,0,0
6.778,50.449,0,0
2.721,59.927,0,0
10.126,54.115,0,0
6.058,50.994,0,0
1.897,90.941,1,2
8.828,71.390,0,1
5.439,93.106,1,2
8.200,87.379,1,2
5.923,55.796,0,0
9.349,86.882,1,2
3.314,90.411,1,2
10.197,50.558,0,0
0.680,97.555,1,2
4.270,50.465,0,0
2.073,86.791,1,1
10.375,89.132,1,2
0.695,78.645,0,1
3.384,79.997,1,2
4.383,81.514,1,2
1.254,93.137,1,2
9.682,70.648,0,1
8.208,60.711,0,0
5.881,63.312,0,1
4.563,50.421,0,0
2.442,48.963,0,0
2.148,58.639,0,0
4.563,72.128,1,1
6.634,96.782,1,2
9.036,80.058,1,1
2.932,88.057,1,2
9.128,85.610,1,2
7.116,73.758,0,1
2.093,64.654,0,0
0.817,53.049,0,0
0.746,54.632,0,0
10.141,68.311,0,0
2.955,81.274,1,2
1.160,99.673,1,2
7.091,77.493,1,1
3.256,49.511,0,0
9.938,94.418,1,2
7.138,64.125,0,0
9.369,57.687,0,0
7.008,48.997,0,0
7.824,92.385,1,2
5.111,69.401,1,1
4.747,57.950,0,1
8.314,61.342,0,0
2.325,89.255,1,2
1.158,90.317,1,1
9.611,95.530,1,2
4.334,65.776,0,1
6.090,68.763,0,1
4.448,51.146,0,0
7.942,60.846,0,0
8.268,94.612,1,2
2.335,92.336,1,2
8.224,89.211,1,2
3.676,92.119,1,2
6.193,73.054,1,1
5.332,62.859,0,1
8.962,46.988,0,0
4.677,86.431,1,2
8.754,82.445,1,2
9.910,89.180,1,1
6.250,79.091,1,1
8.658,96.704,1,2
9.371,94.139,1,2
2.785,56.906,0,0
5.013,97.058,1,2
9.514,82.704,1,1
8.107,72.797,1,1
8.968,93.431,1,2
6.523,88.564,1,2
4.293,79.366,1,1
8.368,77.176,1,1
3.953,80.486,1,2
6.320,77.460,1,1
2.607,48.350,0,0
4.508,70.072,0,1
4.987,87.981,1,2
1.638,45.346,0,0
1.517,55.511,0,0
9.356,91.387,1,2
10.359,57.275,0,0
2.118,48.011,0,0
4.161,64.282,0,1
7.241,50.744,0,0
1.931,49.309,0,0
1.167,96.210,1,2
9.561,79.299,1,1
3.321,90.855,1,2
10.059,49.342,0,0
5.705,81.118,1,1
6.371,48.140,0,0
5.901,46.890,0,0
5.572,47.517,0,0
3.184,58.624,0,0
6.764,88.845,1,2
4.898,60.676,0,1
8.987,83.130,1,1
3.394,58.745,0,0
2.426,56.883,0,0
9.109,58.065,0,0
5.859,62.322,0,1
2.791,86.739,1,2
8.278,90.086,1,2
3.367,57.092,0,0
7.692,89.613,1,2
7.059,55.524,0,0
3.422,96.425,1,2
6.922,54.184,0,0
5.390,92.527,1,2
0.796,95.945,1,2
10.281,55.761,0,0
3.108,72.054,1,1
4.341,81.270,1,2
9.305,69.492,0,1
7.401,98.818,1,2
2.200,45.451,0,0
6.915,68.587,0,1
0.717,95.752,1,2
7.987,65.660,0,1
6.547,84.757,1,2
7.125,45.128,0,0
6.177,72.321,1,1
4.040,50.079,0,0
7.057,69.546,0,1
5.099,52.304,0,0
7.989,71.612,0,1
0.850,54.139,0,0
3.153,85.812,1,2
2.062,72.885,0,1
5.615,82.058,1,2
6.711,83.962,1,2
2.699,67.387,0,1
9.961,46.081,0,0
4.206,85.803,1,2
0.639,63.867,0,0
7.763,71.338,0,1
1.619,77.003,0,1
0.646,98.480,1,2
3.392,88.332,1,2
5.190,91.980,1,2
2.908,73.018,0,1
3.806,77.228,1,1
1.815,62.984,0,0
4.069,68.725,1,1
8.460,86.740,1,2
3.611,71.293,1,1
6.317,91.557,1,2
2.602,77.087,1,1
1.746,87.897,1,2
3.680,79.102,1,2
0.832,79.615,0,1
5.236,69.638,0,1
7.552,87.063,1,2
4.716,55.724,0,0
2.756,92.569,1,2
3.745,55.231,0,0
8.695,68.392,0,1
2.912,76.465,1,1
3.815,58.901,0,1
7.369,96.328,1,2
2.992,46.062,0,0
9.798,61.067,0,0
2.229,77.459,1,1
0.746,67.875,0,0
4.768,73.577,1,1
5.903,98.767,1,2
6.194,60.046,0,1
3.735,59.294,0,0
8.304,61.222,0,0
8.949,57.949,0,0
5.376,68.045,0,1
8.699,68.302,0,1
8.547,84.872,1,1
2.285,83.629,1,2
1.903,61.394,0,0
1.820,99.268,1,2
1.361,59.215,0,0
8.270,89.902,1,2
4.318,71.680,1,1
1.915,94.437,1,2
5.991,58.515,0,0
3.464,64.949,0,1
0.976,60.950,0,0
4.647,88.962,1,2
8.762,93.102,1,2
7.549,55.503,0,0
10.356,77.339,0,1
5.245,46.847,0,0
10.132,87.225,1,1
4.324,58.926,0,0
5.396,50.034,0,0
7.960,99.564,1,2
5.085,84.550,1,2
2.171,57.667,0,0
7.602,90.175,1,2
9.661,47.222,0,0
4.064,65.088,0,1
4.659,54.602,0,0
3.590,74.920,1,1
7.387,76.177,1,1
5.423,86.982,1,2
2.799,95.906,1,2
9.485,64.204,0,0
0.643,47.733,0,0
8.849,68.259,0,1
9.142,82.626,1,1
1.444,70.731,0,1
0.669,59.473,0,0
6.968,79.361,1,1
6.333,75.283,0,1
2.225,77.100,0,1
4.828,97.222,1,2
1.462,92.129,1,2
4.637,50.654,0,0
5.752,85.774,1,2
9.446,64.923,0,0
4.250,79.521,1,2
2.086,67.840,0,0
10.014,98.180,1,2
6.871,89.045,1,2
1.848,82.587,1,1
1.100,58.854,0,0
4.310,51.623,0,0
2.923,51.903,0,0
4.169,76.406,1,1
3.218,66.206,0,1
9.625,98.955,1,2
8.620,67.789,0,1
7.207,56.132,0,0
1.399,97.648,1,2
8.415,73.313,0,1
4.475,88.569,1,2
9.186,58.854,0,0
1.012,75.188,0,1
1.960,86.476,1,1
1.800,98.935,1,2
8.659,47.929,0,0
10.037,75.966,0,1
7.961,88.393,1,2
3.581,60.817,0,1
1.017,65.456,0,0
10.139,58.126,0,0
2.208,54.547,0,0
8.605,62.391,0,0
5.216,83.997,1,2
3.888,56.843,0,0
4.602,91.080,1,2
1.272,55.713,0,0
1.667,68.483,0,0
9.171,96.379,1,2
5.029,88.153,1,2
7.221,95.022,1,2
3.826,47.781,0,0
5.323,62.324,0,1
8.445,57.612,0,0
6.958,90.028,1,2
4.487,47.634,0,0
5.111,60.174,0,1
10.364,90.755,1,1
0.823,65.352,0,0
4.517,61.304,0,1
1.803,62.768,0,0
1.548,65.495,0,0
1.033,81.952,0,1
8.155,64.269,0,1
5.071,65.281,0,1
5.990,88.976,1,2
3.516,71.398,0,1
4.446,92.742,1,2
5.019,62.107,0,1
8.789,54.494,0,0
1.411,89.415,1,2
2.296,64.070,0,0
2.196,62.824,0,0
5.156,52.467,0,0
5.273,92.998,1,2
7.303,96.777,1,2
10.384,75.394,0,1
9.671,47.324,0,0
2.902,53.033,0,0
4.578,97.915,1,2
5.807,68.675,0,1
8.410,73.351,0,1
5.618,73.580,0,1
2.096,81.310,1,1
1.001,71.898,0,0
3.900,98.022,1,2
6.568,83.504,1,2
2.299,60.491,0,0
5.047,87.554,1,2
4.336,63.332,0,1
10.103,46.936,0,0
7.498,74.452,0,1
10.256,75.738,0,1
5.689,99.565,1,2
5.415,46.216,0,0
10.274,63.805,0,0
4.576,85.733,1,2
6.033,58.418,0,0
0.740,53.685,0,0
2.190,64.842,0,0
3.368,97.015,1,2
2.950,74.895,1,1
4.835,99.051,1,2
9.391,99.783,1,2
2.595,75.225,1,1
0.975,87.769,1,1
6.125,72.568,1,1
4.136,76.276,1,1
0.966,96.669,1,2
8.100,92.568,1,2
9.878,86.850,1,1
7.953,56.008,0,0
8.496,53.224,0,0
8.083,84.039,1,2
10.287,51.684,0,0
1.896,58.283,0,0
9.271,67.626,0,1
7.516,61.218,0,0
9.996,67.927,0,0
8.971,86.018,1,2
6.022,88.666,1,2
7.080,79.433,1,1
2.960,75.242,1,1
3.845,51.934,0,0
1.994,48.461,0,0
4.530,46.334,0,0
8.763,62.814,0,0
3.913,74.735,1,1
9.318,60.479,0,0
2.457,85.951,1,1
6.969,64.437,0,1
2.841,79.796,1,1
6.866,89.810,1,2
8.363,78.446,1,1
9.283,53.697,0,0
8.121,89.990,1,2
1.921,62.445,0,0
7.353,97.587,1,2
3.442,79.602,1,2
5.561,98.149,1,2
1.913,85.529,1,2
4.922,69.814,0,1
7.084,59.711,0,0
1.643,86.346,1,2
6.389,66.744,0,1
9.352,62.663,0,0
5.767,79.766,1,1
3.766,46.487,0,0
2.564,72.594,0,1
5.138,78.446,1,1
4.445,89.199,1,2
7.438,64.149,0,1
7.906,83.546,1,2
7.477,64.223,0,0
8.081,45.586,0,0
8.401,77.955,1,1
7.755,65.221,0,0
3.003,73.476,1,1
6.276,61.915,0,0
4.412,85.372,1,2
1.272,57.954,0,0
6.793,85.167,1,2
1.919,74.856,0,1
7.356,90.239,1,2
5.876,58.525,0,0
1.213,56.386,0,0
4.713,45.398,0,0
5.967,53.050,0,0
2.992,93.031,1,2
9.809,98.590,1,2
10.008,51.661,0,0
1.539,60.114,0,0
7.676,70.972,0,1
4.776,74.339,1,1
8.834,86.649,1,2
9.870,71.557,0,1
5.506,46.335,0,0
6.842,77.125,1,1
4.172,51.894,0,0
7.157,62.531,0,0
10.408,62.756,0,0
3.824,84.005,1,2
0.796,75.869,0,1
10.211,84.888,1,1
0.772,90.336,1,1
7.377,73.360,0,1
6.299,59.655,0,0
4.540,74.786,1,1
9.796,98.128,1,2
1.702,89.734,1,2
2.887,48.382,0,0
8.791,93.008,1,2
0.570,64.607,0,0
3.127,94.235,1,2
2.192,84.302,1,1
4.707,51.093,0,0
7.865,79.881,1,1
10.026,79.747,1,1
2.942,60.576,0,0
0.631,80.782,0,1
7.921,45.810,0,0
9.597,71.803,0,1
0.646,81.040,0,1
6.640,51.528,0,0
6.437,89.722,1,2
6.051,89.014,1,2
6.769,94.518,1,2
3.288,98.812,1,2
9.441,61.053,0,0
2.712,49.016,0,0
9.953,50.378,0,0
10.016,49.734,0,0
8.814,59.630,0,0
4.368,68.300,0,1
9.972,64.285,0,0
2.647,95.827,1,2
5.415,87.857,1,2
5.548,50.985,0,0
1.900,47.256,0,0
10.363,74.910,0,1
2.309,88.509,1,2
5.295,50.937,0,0
1.360,87.374,1,1
3.309,64.852,0,1
8.802,85.737,1,2
7.293,47.431,0,0
4.147,58.532,0,0
6.993,86.181,1,2
2.204,50.902,0,0
7.100,98.397,1,2
9.399,49.756,0,0
0.640,50.060,0,0
3.498,68.689,0,1
3.068,94.541,1,2
1.382,64.453,0,0
9.652,52.460,0,0
7.390,51.009,0,0
6.652,77.040,1,1
6.623,49.728,0,0
7.226,91.031,1,2
3.351,89.558,1,2
2.511,89.849,1,2
1.269,62.762,0,0
2.053,66.097,0,0
2.485,86.861,1,2
8.470,85.829,1,2
3.722,66.689,0,1
4.367,86.183,1,2
7.895,97.157,1,2
10.185,89.976,1,2
1.537,90.188,1,2
6.369,79.850,1,1
4.677,66.013,0,1
2.314,82.642,1,1
3.897,54.171,0,0
8.328,95.341,1,2
3.185,81.756,1,2
6.102,57.401,0,0
5.057,49.822,0,0
0.682,54.017,0,0
9.098,97.284,1,2
9.117,88.777,1,2
8.855,94.068,1,2
4.850,64.927,1,1
4.793,59.614,0,1
7.232,55.965,0,0
10.364,63.910,0,0
5.489,45.676,0,0
3.480,76.726,1,1
5.248,67.186,0,1
6.219,89.886,1,2
6.796,67.590,0,1
9.899,72.918,0,1
6.283,60.910,0,0
8.720,84.825,1,1
5.222,63.290,0,1
5.030,69.988,1,1
9.565,90.066,1,2
3.345,86.860,1,2
3.524,88.565,1,2
5.969,76.687,1,1
1.615,52.076,0,0
2.149,49.809,0,0
5.666,92.481,1,2
6.905,98.795,1,2
10.297,79.978,0,1
1.629,59.475,0,0
0.923,56.327,0,0
7.383,58.153,0,0
9.459,94.946,1,2
1.420,65.087,0,0
3.476,84.009,1,2
7.312,96.237,1,2
6.910,94.997,1,2
9.196,93.992,1,2
7.126,63.764,0,0
9.978,60.996,0,0
3.432,84.457,1,2
7.954,49.408,0,0
6.396,62.695,0,0
4.435,62.331,0,1
7.707,90.390,1,2
8.956,99.685,1,2
6.295,83.723,1,1
7.659,80.654,1,1
4.620,57.801,0,0
9.102,67.300,0,1
4.345,74.597,1,1
6.737,55.782,0,0
6.459,87.504,1,2
5.634,73.555,1,1
9.682,93.192,1,2
7.536,98.361,1,2
6.394,55.327,0,0
7.633,78.380,1,1
7.589,84.087,1,2
3.810,55.747,0,0
3.664,69.410,0,1
6.596,82.786,1,1
1.896,51.711,0,0
8.607,50.354,0,0
8.190,70.263,0,1
6.912,68.879,0,1
3.830,89.543,1,2
10.286,51.596,0,0
7.920,58.078,0,0
9.115,72.281,0,1
7.694,88.477,1,2
6.086,72.391,1,1
3.335,81.470,1,2
2.305,60.040,0,0
8.666,72.814,0,1
6.715,66.254,0,1
2.866,95.478,1,2
2.588,78.008,1,1
5.368,74.265,1,1
6.848,97.069,1,2
8.120,53.065,0,0
5.302,65.123,0,1
3.002,96.878,1,2
7.271,98.167,1,2
1.797,63.867,0,0
2.218,90.486,1,2
4.218,97.923,1,2
6.121,64.102,0,1
0.690,49.793,0,0
1.854,58.023,0,0
7.578,99.793,1,2
4.611,89.790,1,2
4.970,50.258,0,0
5.218,92.637,1,2
2.251,59.537,0,0
10.150,60.729,0,0
9.731,82.053,1,1
6.843,59.211,0,0
1.418,69.217,0,0
7.372,52.182,0,0
8.588,58.777,0,0
3.851,63.484,0,1
2.006,93.894,1,2
7.766,55.916,0,0
6.853,46.290,0,0
4.426,97.261,1,2
3.452,57.488,0,0
9.788,66.073,0,0
1.370,66.373,0,0
3.602,79.353,1,2
5.292,95.342,1,2
6.393,74.148,1,1
3.059,91.698,1,2
6.442,60.160,0,0
1.625,75.256,0,1
5.816,76.622,1,1
1.351,56.192,0,0
4.400,98.014,1,2
7.625,49.688,0,0
2.497,69.939,0,1
2.022,73.525,0,1
10.154,99.020,1,2
4.789,88.085,1,2
1.074,63.477,0,0
4.754,58.826,0,1
3.223,74.424,1,1
8.677,72.157,0,1
9.292,95.017,1,2
8.120,51.876,0,0
7.238,94.545,1,2
6.210,73.248,1,1
1.079,62.027,0,0
7.008,53.276,0,0
4.372,56.635,0,0
3.319,62.797,0,1
6.149,93.907,1,2
2.921,82.492,1,1
10.373,75.010,0,1
6.479,68.102,0,1
7.988,54.147,0,0
1.587,55.943,0,0
0.866,50.413,0,0
2.223,71.691,0,1
2.343,72.900,0,1
6.004,53.388,0,0
7.059,51.135,0,0
9.456,58.448,0,0
1.452,75.595,0,1
5.475,85.042,1,2
7.095,75.408,1,1
4.663,64.090,0,1
1.222,65.956,0,0
1.465,88.740,1,2
0.590,73.643,0,1
3.712,83.165,1,2
2.105,55.207,0,0
9.994,61.330,0,0
6.807,60.254,0,0
1.479,56.629,0,0
7.155,99.102,1,2
5.545,63.007,0,1
8.804,91.465,1,2
2.384,50.741,0,0
3.968,49.616,0,0
5.388,93.142,1,2
5.616,95.012,1,2
1.932,85.127,1,1
8.805,79.643,1,1
2.078,55.124,0,0
5.128,79.482,1,1
6.190,57.203,0,0
4.884,77.389,1,1
3.905,86.729,1,2
7.722,53.038,0,0
5.742,79.760,1,1
7.335,85.344,1,2
8.124,62.917,0,0
9.739,61.899,0,0
5.428,75.500,1,1
4.674,82.333,1,2
9.696,99.539,1,2
10.155,81.919,1,1
9.229,58.743,0,0
2.535,87.277,1,2
9.585,45.181,0,0
6.967,53.144,0,0
5.724,77.649,1,1
1.813,91.873,1,2
2.123,50.829,0,0
9.161,63.033,0,0
3.388,51.437,0,0
5.240,56.673,0,0
4.778,59.800,0,0
4.353,90.346,1,2
4.755,84.766,1,2
3.302,74.401,1,1
9.496,82.807,1,1
5.645,87.663,1,2
3.437,81.333,1,1
2.624,61.377,0,0
8.515,53.493,0,0
8.392,98.420,1,2
8.713,53.220,0,0
6.455,99.169,1,2
3.803,62.230,0,1
2.619,46.316,0,0
4.230,65.141,0,1
1.397,55.173,0,0
3.256,84.577,1,2
3.975,92.241,1,2
1.657,73.272,0,1
2.019,62.276,0,0
1.697,88.470,1,2
4.390,60.296,0,1
9.766,67.807,0,0
10.090,94.624,1,2
1.534,93.765,1,2
6.453,99.737,1,2
0.554,84.992,1,1
7.165,60.454,0,0
6.760,98.925,1,2
5.630,67.855,0,1
3.281,83.621,1,2
5.150,84.722,1,2
0.888,59.317,0,0
7.052,64.285,0,0
8.280,66.055,0,1
1.356,84.780,1,1
10.490,97.961,1,2
2.273,71.348,0,1
9.656,45.823,0,0
10.288,73.527,0,1
4.740,47.328,0,0
8.908,81.042,1,1
6.117,94.413,1,2
3.225,76.416,1,1
7.370,76.745,1,1
4.089,91.074,1,2
2.032,76.759,0,1
8.216,54.717,0,0
2.404,95.987,1,2
9.843,56.632,0,0
2.486,86.673,1,2
3.729,51.713,0,0
8.514,76.827,1,1
8.861,55.194,0,0
4.516,72.057,1,1
6.594,71.471,0,1
9.939,85.568,1,1
3.409,55.622,0,0
3.183,89.317,1,2
1.548,63.377,0,0
7.388,90.658,1,2
7.410,87.271,1,2
1.727,48.014,0,0
7.698,96.891,1,2
3.380,90.442,1,2
5.613,66.120,0,1
6.117,67.712,0,1
6.333,91.887,1,2
6.023,54.645,0,0
4.493,47.438,0,0
7.505,87.194,1,2
2.604,98.039,1,2
9.196,57.507,0,0
4.379,51.342,0,0
8.229,89.617,1,2
6.584,49.592,0,0
5.016,50.579,0,0
5.257,60.279,0,1
5.751,89.268,1,2
4.685,78.681,1,2
6.115,91.976,1,2
5.265,76.615,1,1
8.935,57.948,0,0
3.114,78.983,1,1
8.026,71.180,0,1
4.616,51.760,0,0
9.015,93.583,1,2
8.780,91.871,1,2
1.251,80.633,0,1
9.773,75.840,0,1
8.623,66.072,0,0
7.057,70.684,0,1
2.419,52.743,0,0
8.825,93.810,1,2
6.415,88.730,1,2
2.818,59.815,0,0
6.898,82.932,1,1
1.699,48.239,0,0
7.492,69.441,0,1
2.428,85.201,1,2
3.558,92.534,1,2
0.730,89.777,1,1
4.234,66.845,0,1
6.565,92.959,1,2
7.062,65.172,0,1
4.661,67.008,0,1
3.300,47.673,0,0
1.452,54.472,0,0
4.062,73.979,1,1
8.318,74.655,0,1
9.832,91.498,1,2
9.707,87.160,1,2
1.343,55.194,0,0
1.778,99.095,1,2
4.180,48.503,0,0
6.089,70.083,0,1
1.002,75.269,0,0
1.395,74.626,0,1
8.750,51.375,0,0
10.465,55.639,0,0
4.882,48.500,0,0
8.427,49.042,0,0
7.525,78.936,1,1
8.187,64.145,0,0
4.709,59.336,0,1
9.791,47.046,0,0
1.733,98.737,1,2
3.162,90.560,1,2
6.857,57.618,0,0
2.996,48.124,0,0
8.888,46.531,0,0
8.716,56.082,0,0
8.390,68.026,0,1
9.282,88.017,1,2
6.856,76.268,1,1
2.322,86.803,1,2
3.789,49.903,0,0
0.543,65.650,0,0
4.455,74.429,1,1
6.859,99.270,1,2
7.468,89.034,1,2
7.645,97.434,1,2
3.096,81.045,1,2
9.736,75.240,0,1
5.945,83.872,1,2
2.574,82.191,1,1
9.869,53.559,0,0
7.224,75.679,1,1
7.328,69.005,0,1
6.575,53.390,0,0
0.514,74.328,0,0
6.017,97.415,1,2
7.718,56.761,0,0
7.158,76.620,1,1
2.653,83.647,1,2
5.247,71.532,1,1
7.737,83.688,1,1
9.519,81.374,1,1
2.798,82.169,1,2
6.228,60.522,0,0
1.188,89.447,1,1
2.256,63.268,0,0
4.293,93.937,1,2
0.670,45.612,0,0
4.044,84.198,1,2
9.208,91.267,1,2
3.523,98.812,1,2
2.009,64.811,0,0
1.543,91.815,1,2
6.022,85.300,1,2
4.524,86.224,1,2
6.762,96.189,1,2
4.520,78.939,1,1
5.771,77.513,1,1
4.553,91.274,1,2
3.384,86.364,1,2
0.602,48.129,0,0
3.329,99.632,1,2
7.920,96.951,1,2
3.950,53.361,0,0
8.220,95.852,1,2
0.918,69.371,0,0
7.534,61.083,0,0
8.754,98.212,1,2
2.937,84.446,1,2
4.293,79.837,1,2
3.140,68.629,0,1
4.860,94.236,1,2
9.692,80.971,1,1
7.469,71.182,0,1
1.544,77.847,0,1
10.467,49.352,0,0
7.298,65.258,0,1
8.638,87.411,1,2
8.898,47.797,0,0
9.694,81.209,1,1
8.266,55.089,0,0
3.196,82.291,1,1
7.969,98.324,1,2
7.185,68.051,0,1
4.672,93.132,1,2
9.201,95.572,1,2
0.618,53.396,0,0
5.548,53.978,0,0
9.345,48.712,0,0
5.820,93.262,1,2
4.320,56.916,0,0
1.580,73.900,0,1
2.400,59.990,0,0
3.148,97.604,1,2
10.432,46.938,0,0
5.984,91.515,1,2
3.574,71.050,1,1
9.369,87.341,1,2
6.608,73.461,1,1
3.446,59.825,0,0
7.043,89.241,1,2
0.756,57.934,0,0
5.719,49.051,0,0
5.763,60.680,0,1
1.184,65.238,0,0
7.103,48.320,0,0
0.733,66.401,0,0
2.441,45.487,0,0
7.912,97.581,1,2
4.517,61.944,0,1
7.708,70.656,0,1
5.891,88.962,1,2
5.140,91.994,1,2
6.425,48.058,0,0
0.702,65.242,0,0
0.531,93.929,1,2
9.880,87.824,1,1
7.401,95.382,1,2
2.336,46.914,0,0
7.432,50.901,0,0
9.759,92.872,1,2
8.869,89.550,1,2
6.916,63.801,0,0
5.751,45.947,0,0
6.726,63.084,0,1
2.324,78.276,0,1
4.961,55.975,0,0
9.258,59.788,0,0
4.131,73.744,1,1
3.177,48.306,0,0
5.707,80.400,1,1
8.627,92.562,1,2
9.320,88.653,1,2
10.487,89.288,1,1
10.143,65.374,0,0
1.579,97.150,1,2
5.058,99.537,1,2
6.023,63.358,0,1
7.278,68.827,1,1
1.613,72.814,0,1
4.142,80.022,1,2
4.263,65.407,0,1
6.574,93.248,1,2
4.191,98.444,1,2
3.654,61.709,0,1
2.362,98.846,1,2
7.128,98.332,1,2
3.589,71.209,0,1
2.548,74.405,0,1
9.614,92.904,1,2
4.347,75.189,1,1
3.359,91.794,1,2
1.405,93.926,1,2
5.696,46.917,0,0
3.912,97.149,1,2
6.349,58.505,0,0
3.610,50.450,0,0
5.192,79.629,1,1
1.782,50.867,0,0
1.121,65.063,0,0
9.832,83.588,1,1
7.844,68.690,0,1
4.697,62.179,0,1
2.492,56.833,0,0
7.134,88.206,1,2
6.529,68.519,0,1
6.708,74.673,1,1
10.277,51.068,0,0
4.028,55.474,0,0
9.783,51.140,0,0
4.834,92.679,1,2
10.251,86.840,1,1
10.224,90.691,1,2
4.652,99.535,1,2
5.488,85.747,1,2
9.449,89.854,1,2
9.427,91.636,1,2
1.454,88.011,1,2
5.549,96.827,1,2
1.482,93.251,1,2
8.966,67.554,0,1
3.200,99.465,1,2
3.793,95.331,1,2
3.697,72.366,1,1
7.687,85.665,1,2
3.737,92.440,1,2
4.909,94.125,1,2
9.237,66.785,0,1
4.903,52.691,0,0
9.677,82.065,1,1
9.670,78.042,1,1
5.043,75.752,1,1
2.819,82.418,1,1
9.884,77.609,0,1
6.079,78.143,1,1
4.052,81.120,1,1
1.093,92.803,1,2
5.139,46.336,0,0
0.845,48.415,0,0
6.770,60.020,0,0
4.447,63.128,0,1
3.415,53.462,0,0
2.696,62.449,0,0
8.069,66.207,0,0
9.492,79.915,1,1
0.587,70.023,0,0
5.797,83.399,1,2
1.281,60.175,0,0
0.853,59.670,0,0
10.331,51.990,0,0
3.633,63.288,0,1
5.837,98.983,1,2
9.530,62.374,0,0
6.923,84.880,1,2
3.994,70.708,0,1
7.521,87.515,1,2
8.330,60.140,0,0
6.956,68.151,1,1
4.366,45.299,0,0
8.056,79.339,1,1
4.234,52.065,0,0
4.121,70.527,1,1
3.314,51.105,0,0
10.239,84.995,1,1
1.695,87.829,1,2
1.028,93.908,1,2
3.423,89.270,1,2
1.735,45.518,0,0
4.163,87.112,1,2
9.886,60.775,0,0
9.979,59.384,0,0
2.781,55.679,0,0
3.456,63.708,0,1
4.522,59.290,0,1
9.997,49.665,0,0
3.150,81.489,1,2
8.126,81.488,1,1
6.892,87.083,1,2
9.295,66.146,0,1
3.269,65.760,0,1
9.779,91.130,1,2
10.465,96.206,1,2
4.463,51.518,0,0
9.856,86.575,1,2
7.821,91.549,1,2
2.757,74.073,0,1
4.917,86.184,1,2
3.009,87.354,1,2
9.529,97.306,1,2
2.797,93.013,1,2
9.278,92.044,1,2
3.270,83.579,1,2
9.419,64.053,0,0
8.430,50.851,0,0
7.827,69.600,0,1
3.187,57.600,0,0
7.667,60.946,0,0
6.768,61.031,0,0
3.976,45.016,0,0
10.363,63.789,0,0
10.066,87.632,1,2
7.032,69.111,0,1
9.577,84.479,1,1
3.843,83.556,1,2
2.199,85.372,1,2
3.849,47.308,0,0
6.184,72.266,0,1
9.518,89.172,1,2
8.888,83.422,1,1
2.909,84.830,1,2
8.683,99.056,1,2
9.348,49.455,0,0
6.335,71.581,0,1
5.452,67.226,0,1
5.200,55.837,0,0
2.474,56.724,0,0
3.077,53.872,0,0
5.567,61.734,0,1
5.623,46.896,0,0
5.809,83.646,1,2
4.967,96.674,1,2
8.996,70.691,0,1
2.174,56.450,0,0
2.280,66.472,0,1
9.820,63.626,0,0
6.356,60.465,0,1
6.677,93.901,1,2
5.217,94.639,1,2
4.782,97.391,1,2
4.005,58.688,0,0
5.837,90.080,1,2
8.769,82.249,1,1
0.941,98.598,1,2
9.923,56.694,0,0
2.398,57.397,0,0
5.393,63.934,0,1
8.773,46.834,0,0
1.828,91.441,1,2
7.006,80.230,1,1
6.559,59.122,0,0
6.041,73.495,1,1
8.802,63.518,0,0
1.799,78.295,1,1
2.703,80.017,1,2
9.617,59.616,0,0
9.993,75.263,0,1
1.742,69.161,0,0
7.205,73.963,0,1
1.479,56.327,0,0
9.843,58.195,0,0
9.935,87.483,1,1
7.410,87.758,1,2
5.298,62.350,0,1
7.016,59.133,0,0
6.100,51.523,0,0
8.749,84.523,1,2
8.833,88.461,1,2
9.111,71.493,0,1
8.882,65.168,0,0
2.709,51.206,0,0
2.558,62.976,0,0
7.471,75.209,1,1
6.013,94.320,1,2
10.183,98.091,1,2
1.063,74.920,0,0
4.540,72.514,1,1
9.176,70.538,0,1
4.989,47.596,0,0
1.841,64.787,0,0
3.771,70.813,0,1
10.120,55.901,0,0
8.214,66.381,0,1
8.893,62.773,0,0
3.103,46.224,0,0
8.524,99.355,1,2
0.553,74.287,0,1
2.694,76.835,1,1
6.757,72.899,0,1
7.084,94.944,1,2
5.056,78.664,1,1
10.089,66.499,0,0
4.198,60.302,0,0
3.221,56.149,0,0
2.540,79.215,1,1
7.969,94.627,1,2
8.663,90.696,1,2
8.746,49.125,0,0
6.720,98.010,1,2
0.849,81.464,0,1
4.643,60.611,0,1
2.172,66.026,0,0
3.331,80.575,1,2
0.776,83.939,0,1
7.441,55.536,0,0
3.002,57.066,0,0
6.127,83.427,1,2
10.119,57.631,0,0
2.857,65.542,0,1
3.359,66.823,0,1
3.064,89.904,1,2
1.162,73.270,0,0
6.173,74.004,0,1
6.021,62.324,0,1
6.490,77.643,1,1
10.128,82.650,1,1
6.266,69.384,0,1
6.600,73.233,0,1
9.405,68.570,0,1
9.243,56.938,0,0
5.738,98.168,1,2
6.558,85.840,1,2
4.171,91.047,1,2
5.478,77.677,1,1
5.331,60.846,0,0
5.804,45.985,0,0
2.856,97.606,1,2
6.508,98.472,1,2
3.338,57.506,0,0
3.607,78.084,1,1
3.567,55.014,0,0
8.348,68.838,0,1
1.202,72.106,0,1
10.451,75.009,0,1
2.150,62.721,0,0
6.685,50.760,0,0
2.822,90.876,1,2
7.347,98.303,1,2
9.065,82.892,1,1
4.839,72.194,1,1
5.188,58.026,0,0
10.337,86.728,1,2
6.393,73.572,0,1
4.162,78.595,1,2
2.800,49.876,0,0
8.990,71.304,0,1
7.492,83.779,1,1
3.613,84.135,1,2
5.562,52.247,0,0
1.875,57.460,0,0
8.270,73.940,0,1
9.499,85.397,1,1
7.777,77.430,1,1
7.618,99.692,1,2
1.801,73.584,0,1
9.610,99.090,1,2
6.452,57.271,0,0
9.461,83.419,1,1
7.963,54.427,0,0
9.384,56.128,0,0
8.582,95.774,1,2
7.811,93.047,1,2
6.496,47.890,0,0
3.290,56.410,0,0
3.012,55.046,0,0
9.651,49.937,0,0
8.476,96.359,1,2
3.024,78.736,1,1
1.543,62.501,0,0
9.264,78.020,1,1
0.635,98.365,1,2
6.740,86.744,1,2
7.576,87.521,1,2
4.751,47.625,0,0
9.638,79.899,1,1
6.961,65.153,0,1
10.425,50.931,0,0
7.409,84.732,1,1
6.078,59.893,0,0
1.304,60.895,0,0
9.312,66.953,0,1
1.674,52.273,0,0
3.257,96.221,1,2
6.985,46.424,0,0
7.341,83.451,1,1
9.756,83.859,1,1
9.959,83.152,1,1
9.714,81.795,1,1
8.400,72.825,0,1
4.319,63.212,0,1
7.738,93.378,1,2
2.056,73.192,0,1
3.744,57.056,0,0
10.463,70.345,0,1
6.895,70.337,0,1
9.787,51.635,0,0
2.161,78.067,0,1
6.488,96.457,1,2
2.339,84.097,1,1
7.567,82.409,1,1
9.770,51.354,0,0
4.865,84.963,1,2
0.676,91.781,1,1
3.827,81.039,1,2
1.367,73.224,0,1
5.074,81.781,1,1
8.517,57.136,0,0
10.315,52.405,0,0
3.281,50.718,0,0
1.993,48.983,0,0
0.972,92.051,1,2
3.577,92.496,1,2
3.080,69.216,0,1
2.573,63.974,0,0
9.346,62.017,0,0
3.359,55.009,0,0
2.087,80.487,1,1
2.009,64.753,0,0
7.753,48.956,0,0
4.803,61.995,0,1
4.381,85.689,1,2
7.547,60.107,0,0
6.817,86.946,1,2
5.119,60.736,0,1
6.697,74.430,1,1
3.583,71.437,0,1
4.820,62.789,0,1
7.259,92.163,1,2
0.718,93.276,1,2
4.582,76.270,1,1
4.321,52.495,0,0
3.731,68.488,1,1
5.511,45.336,0,0
7.391,75.135,0,1
7.889,64.017,0,0
8.205,95.946,1,2
6.702,63.318,0,1
0.655,46.694,0,0
2.968,87.899,1,2
7.179,94.682,1,2
1.674,73.466,0,1
6.300,82.848,1,2
0.653,96.163,1,2
8.890,77.870,1,1
2.171,57.949,0,0
4.847,78.840,1,1
1.708,93.292,1,2
2.266,49.079,0,0
5.210,75.487,1,1
5.715,83.457,1,2
9.136,49.417,0,0
2.575,76.804,1,1
9.321,51.428,0,0
2.871,49.105,0,0
4.440,91.376,1,2
10.091,90.833,1,2
5.641,47.639,0,0
3.046,70.946,1,1
5.030,46.144,0,0
8.725,69.962,0,1
9.205,56.981,0,0
1.628,63.716,0,0
5.655,69.640,0,1
4.253,91.856,1,2
1.333,66.142,0,0
4.894,92.135,1,2
3.449,65.258,0,1
7.885,61.751,0,0
0.663,79.081,0,1
5.026,45.579,0,0
3.945,52.276,0,0
4.709,50.195,0,0
4.834,79.531,1,1
10.287,78.936,0,1
7.355,55.903,0,0
4.343,65.864,0,1
3.872,67.993,0,1
4.869,57.834,0,0
9.839,68.418,0,1
6.467,87.549,1,2
10.037,57.739,0,0
2.555,76.822,1,1
5.710,97.466,1,2
7.712,90.622,1,2
8.752,62.982,0,0
1.538,72.025,0,0
4.559,51.654,0,0
9.222,90.905,1,2
6.636,69.554,0,1
1.919,99.494,1,2
4.705,95.674,1,2
5.518,59.585,0,0
0.519,89.499,1,1
4.709,79.161,1,1
5.242,63.484,0,1
10.126,58.473,0,0
5.680,45.005,0,0
5.770,45.466,0,0
1.265,81.376,1,1
0.874,69.242,0,0
5.099,65.400,0,1
6.805,56.944,0,0
2.681,91.464,1,2
6.233,57.895,0,0
1.453,75.305,0,1
3.241,56.304,0,0
5.716,63.501,0,1
3.573,87.020,1,2
4.947,92.957,1,2
7.627,56.605,0,0
2.285,55.196,0,0
7.056,81.589,1,1
10.114,91.069,1,2
8.750,51.790,0,0
4.252,83.436,1,2
6.888,47.591,0,0
1.629,52.810,0,0
7.717,98.421,1,2
7.981,48.690,0,0
2.711,67.831,0,1
4.299,62.325,0,1
6.548,77.723,1,1
7.081,74.648,1,1
6.703,79.761,1,1
7.987,76.726,1,1
9.006,57.441,0,0
5.196,68.343,1,1
0.651,52.983,0,0
8.562,51.494,0,0
1.593,49.532,0,0
5.801,98.688,1,2
7.636,86.270,1,2
8.573,54.698,0,0
5.804,71.712,1,1
6.830,45.047,0,0
10.145,81.605,1,1
8.202,61.093,0,0
3.342,92.824,1,2
9.848,81.215,1,1
7.281,95.272,1,2
3.522,93.956,1,2
3.261,75.113,1,1
4.929,51.321,0,0
5.595,69.710,0,1
8.949,51.744,0,0
5.067,49.695,0,0
7.612,84.984,1,2
3.851,98.764,1,2
5.191,99.213,1,2
3.743,91.835,1,2
4.422,81.494,1,2
7.492,93.073,1,2
2.817,89.951,1,2
5.395,90.066,1,2
7.920,84.339,1,1
0.602,76.447,0,1
4.588,66.990,0,1
8.227,55.397,0,0
7.064,79.657,1,1
8.649,70.501,0,1
3.071,98.884,1,2
6.645,94.457,1,2
3.582,98.807,1,2
1.344,53.573,0,0
8.360,88.713,1,2
3.488,48.619,0,0
7.829,50.509,0,0
8.211,53.857,0,0
8.559,82.891,1,1
3.400,83.743,1,2
8.517,69.376,0,1
2.943,60.504,0,0
7.146,52.467,0,0
0.586,49.768,0,0
8.354,66.243,0,1
1.130,53.917,0,0
7.683,57.320,0,0
6.826,56.427,0,0
1.127,87.210,1,1
6.330,47.466,0,0
7.563,51.076,0,0
8.576,55.508,0,0
10.313,72.037,0,1
2.898,56.448,0,0
4.758,90.850,1,2
4.168,65.724,0,1
7.122,85.281,1,2
2.399,61.632,0,0
6.096,52.094,0,0
2.884,59.194,0,0
2.580,52.796,0,0
8.043,85.313,1,1
5.984,99.262,1,2
8.285,49.398,0,0
7.126,62.989,0,0
9.007,60.354,0,0
5.262,51.313,0,0
0.627,58.401,0,0
10.498,92.343,1,2
2.796,93.731,1,2
8.737,70.744,0,1
2.493,73.424,0,1
5.606,98.556,1,2
3.387,80.065,1,1
7.070,66.506,0,1
1.293,83.680,1,1
1.221,68.640,0,0
5.116,75.275,1,1
8.990,98.484,1,2
5.160,60.482,0,1
1.680,77.124,0,1
10.430,95.546,1,2
1.557,82.148,1,1
3.602,98.440,1,2
6.158,67.858,0,1
3.194,53.479,0,0
7.492,57.362,0,0
4.693,81.429,1,2
8.447,71.040,0,1
1.325,97.046,1,2
8.724,61.778,0,0
9.528,73.731,0,1
3.040,68.456,0,1
2.876,49.884,0,0
9.322,82.965,1,1
4.637,86.732,1,2
4.478,83.656,1,2
6.345,79.089,1,1
5.989,86.933,1,2
8.628,73.326,0,1
7.198,75.198,1,1
7.557,52.944,0,0
4.804,45.744,0,0
5.637,81.951,1,1
9.050,61.890,0,0
9.165,49.414,0,0
6.615,64.099,0,1
6.411,80.795,1,1
3.532,94.259,1,2
5.303,86.455,1,2
2.462,89.516,1,2
5.357,61.158,0,1
1.100,56.592,0,0
3.077,45.657,0,0
3.353,97.763,1,2
5.237,98.929,1,2
7.321,64.585,0,0
1.478,64.090,0,0
6.907,82.261,1,2
8.252,92.200,1,2
2.158,46.007,0,0
1.890,75.500,0,1
1.514,92.116,1,2
6.824,69.652,1,1
4.464,93.154,1,2
0.885,74.730,0,1
1.664,67.944,0,0
4.135,78.573,1,1
1.021,92.119,1,2
8.429,73.367,0,1
2.436,67.308,0,0
8.604,55.675,0,0
0.853,83.118,1,1
3.880,67.275,0,1
9.797,62.292,0,0
2.017,57.483,0,0
0.866,57.287,0,0
8.877,64.167,0,0
8.468,85.561,1,1
5.464,88.974,1,2
1.762,53.941,0,0
3.432,88.226,1,2
4.944,82.150,1,2
10.130,61.948,0,0
2.637,61.834,0,1
7.107,97.351,1,2
7.570,74.743,1,1
9.205,93.017,1,2
7.241,71.545,0,1
4.247,47.655,0,0
4.922,67.594,0,1
5.253,68.970,0,1
6.386,70.462,0,1
5.821,92.592,1,2
1.526,71.000,0,1
8.231,55.189,0,0
4.144,93.342,1,2
6.748,53.758,0,0
3.610,52.044,0,0
4.974,62.202,0,1
10.458,49.760,0,0
0.640,68.720,0,0
6.895,61.758,0,0
2.386,94.353,1,2
10.048,80.476,1,1
8.706,70.068,0,1
8.821,92.503,1,2
8.876,72.142,0,1
3.938,93.481,1,2
5.562,78.159,1,1
9.722,73.087,0,1
5.212,85.494,1,2
9.898,72.788,0,1
8.638,51.532,0,0
5.382,62.395,0,1
5.770,54.720,0,0
5.699,61.439,0,1
3.188,97.747,1,2
3.999,60.199,0,1
4.776,55.371,0,0
5.831,74.092,1,1
9.259,63.749,0,0
5.346,98.354,1,2
6.086,88.133,1,2
7.570,94.706,1,2
8.494,59.406,0,0
10.227,57.528,0,0
7.888,65.963,0,0
6.488,82.825,1,2
7.671,54.779,0,0
1.722,84.983,1,2
7.892,73.029,0,1
2.691,73.898,1,1
9.304,87.243,1,1
9.222,59.952,0,0
6.783,86.721,1,2
9.881,50.315,0,0
1.011,96.252,1,2
1.259,93.612,1,2
5.459,89.671,1,2
2.483,59.515,0,0
0.724,74.114,0,1
10.096,97.201,1,2
4.689,81.738,1,1
8.900,98.770,1,2
3.355,51.492,0,0
6.820,51.937,0,0
1.191,45.886,0,0
6.692,79.538,1,1
7.562,90.675,1,2
6.672,58.806,0,0
5.310,90.795,1,2
7.885,67.577,0,1
2.753,75.476,1,1
7.248,55.742,0,0
3.369,46.456,0,0
1.152,74.350,0,1
4.244,61.962,0,1
8.025,99.288,1,2
2.156,89.342,1,2
8.250,98.969,1,2
4.075,58.545,0,1
5.420,87.821,1,2
1.195,98.825,1,2
2.173,56.585,0,0
7.161,64.064,0,0
9.640,78.158,0,1
3.170,90.633,1,2
7.383,47.848,0,0
9.298,68.089,0,1
8.961,54.219,0,0
10.016,67.819,0,0
1.581,49.680,0,0
7.185,95.008,1,2
3.415,55.817,0,0
0.927,97.846,1,2
5.491,86.133,1,2
10.075,97.678,1,2
3.951,56.311,0,0
3.117,57.319,0,0
10.409,72.050,0,1
7.216,58.825,0,0
2.072,84.063,1,1
0.707,48.508,0,0
1.323,52.864,0,0
1.324,96.043,1,2
9.366,58.521,0,0
7.528,92.943,1,2
2.317,90.147,1,2
4.835,86.902,1,2
4.992,96.698,1,2
9.137,75.782,1,1
10.235,46.207,0,0
0.586,61.657,0,0
0.769,66.575,0,0
6.631,61.534,0,1
1.047,72.002,0,0
4.644,92.354,1,2
6.876,71.833,0,1
5.662,93.923,1,2
2.357,46.292,0,0
3.370,46.341,0,0
5.897,69.805,0,1
2.025,73.250,0,1
9.797,57.943,0,0
3.036,62.378,0,0
8.947,95.291,1,2
2.460,94.483,1,2
5.494,53.376,0,0
8.696,97.991,1,2
7.143,76.492,1,1
1.850,76.284,1,1
3.084,49.924,0,0
4.330,51.282,0,0
5.555,50.033,0,0
10.158,61.445,0,0
3.991,68.328,0,1
4.110,69.765,1,1
5.874,99.679,1,2
2.781,91.345,1,2
8.806,49.505,0,0
0.502,68.705,0,0
8.011,86.996,1,2
9.637,81.767,1,1
3.811,56.884,0,0
8.145,71.660,0,1
7.764,60.646,0,0
8.285,73.888,0,1
7.156,95.419,1,2
5.967,61.399,0,0
3.338,49.722,0,0
4.749,60.569,0,1
1.655,69.231,0,0
6.856,95.087,1,2
5.646,84.024,1,2
1.162,49.717,0,0
1.610,98.347,1,2
3.780,82.210,1,1
2.464,75.064,1,1
2.466,75.002,0,1
8.240,54.764,0,0
3.781,78.259,1,2
1.148,50.196,0,0
9.700,97.635,1,2
10.036,50.174,0,0
8.766,70.666,0,1
5.022,57.133,0,0
10.143,87.544,1,1
9.579,89.236,1,2
6.976,75.753,1,1
7.470,58.497,0,0
7.717,94.712,1,2
5.973,91.480,1,2
9.306,46.289,0,0
9.139,49.398,0,0
8.020,78.859,1,1
7.575,90.647,1,2
5.154,81.040,1,2
3.873,59.142,0,0
10.164,69.689,0,1
6.291,86.335,1,2
9.897,49.461,0,0
2.723,58.696,0,0
2.156,65.892,0,0
7.873,94.388,1,2
7.172,58.149,0,0
4.657,75.899,1,1
5.678,56.031,0,0
9.793,56.847,0,0
7.306,54.158,0,0
6.002,76.815,1,1
3.305,95.205,1,2
2.194,97.326,1,2
4.295,63.474,0,1
3.547,96.174,1,2
7.567,62.999,0,0
10.425,82.411,0,1
9.106,58.850,0,0
3.320,57.669,0,0
3.508,50.762,0,0
6.482,64.536,0,1
8.991,60.963,0,0
3.549,98.279,1,2
3.308,96.750,1,2
5.286,64.545,0,1
8.213,67.851,0,1
5.051,89.921,1,2
0.630,56.632,0,0
7.367,59.713,0,0
9.381,54.298,0,0
7.420,98.400,1,2
0.835,54.219,0,0
3.213,51.739,0,0
5.737,48.477,0,0
5.463,95.198,1,2
1.293,97.144,1,2
3.347,99.005,1,2
4.551,73.397,1,1
5.536,95.033,1,2
10.335,53.351,0,0
7.673,71.894,0,1
5.779,48.794,0,0
0.593,55.707,0,0
0.822,47.959,0,0
8.242,58.883,0,0
6.162,54.075,0,0
7.252,98.149,1,2
1.785,88.206,1,2
10.260,54.852,0,0
5.641,68.549,0,1
6.242,60.339,0,0
7.318,51.174,0,0
6.828,59.826,0,0
8.369,67.273,0,1
2.600,89.300,1,2
1.120,85.357,1,1
4.726,68.594,1,1
8.299,46.757,0,0
8.045,99.089,1,2
4.390,84.126,1,2
7.968,89.598,1,2
8.254,85.996,1,2
8.451,73.671,1,1
10.111,85.027,1,1
5.121,87.796,1,2
7.801,83.851,1,1
9.655,91.231,1,2
3.409,88.454,1,2
10.347,45.395,0,0
3.880,78.613,1,1
7.150,48.271,0,0
1.881,62.848,0,0
2.403,93.002,1,2
1.413,81.901,1,1
6.882,56.264,0,0
0.762,80.528,0,1
5.332,72.461,1,1
7.939,77.276,1,1
3.214,62.546,0,0
2.430,54.185,0,0
10.127,51.553,0,0
2.530,49.485,0,0
6.356,99.460,1,2
5.136,65.513,0,1
9.564,65.973,0,0
6.809,80.528,1,1
5.324,55.436,0,0
3.040,78.357,1,2
8.876,60.941,0,0
3.636,64.749,0,1
8.610,87.827,1,2
7.486,79.050,1,1
6.035,54.509,0,0
10.462,47.169,0,0
6.947,98.404,1,2
6.483,60.881,0,1
7.564,91.005,1,2
2.173,47.230,0,0
4.892,81.904,1,2
0.502,79.979,0,1
1.862,67.465,0,0
0.848,94.273,1,2
6.237,72.982,1,1
3.758,94.141,1,2
2.231,60.163,0,0
4.496,53.917,0,0
10.001,99.711,1,2
1.060,85.613,0,1
1.617,47.007,0,0
9.267,66.000,0,1
2.677,98.979,1,2
7.162,51.964,0,0
1.379,64.634,0,0
0.872,82.936,1,1
6.673,90.618,1,2
7.920,88.940,1,2
2.519,84.969,1,2
5.132,94.978,1,2
2.096,54.848,0,0
8.784,57.943,0,0
1.848,49.211,0,0
6.128,62.485,0,1
9.955,56.057,0,0
2.613,87.045,1,2
7.790,65.001,0,1
5.437,45.045,0,0
9.108,97.996,1,2
9.142,86.742,1,2
5.493,55.263,0,0
5.204,45.490,0,0
8.191,89.110,1,2
7.632,49.015,0,0
3.801,46.680,0,0
9.941,95.645,1,2
5.536,84.824,1,2
2.966,72.418,0,1
4.455,49.064,0,0
4.513,71.584,1,1
5.495,60.793,0,1
3.950,73.319,1,1
5.084,45.247,0,0
10.234,78.520,1,1
10.429,81.068,0,1
3.062,77.929,1,1
3.588,79.133,1,1
4.279,77.960,1,1
2.812,90.609,1,2
2.720,91.934,1,2
5.352,61.224,0,0
4.668,98.054,1,2
1.277,81.286,0,1
5.708,45.071,0,0
5.237,69.261,1,1
10.019,78.352,1,1
9.018,88.415,1,2
6.920,60.807,0,0
5.736,66.362,0,1
1.628,52.802,0,0
6.944,57.379,0,0
9.831,89.544,1,2
10.160,63.294,0,0
9.793,87.155,1,2
7.883,96.564,1,2
3.944,99.943,1,2
2.314,97.644,1,2
2.725,46.700,0,0
4.443,85.616,1,2
1.662,96.151,1,2
3.555,88.351,1,2
10.223,83.415,1,1
7.962,67.477,0,1
7.534,67.369,0,1
2.081,60.314,0,0
5.567,85.675,1,2
5.415,46.313,0,0
9.757,47.383,0,0
7.200,72.393,1,1
3.517,59.688,0,1
3.092,65.846,0,1
1.571,80.206,0,1
5.488,60.025,0,1
6.776,71.725,0,1
4.491,72.900,1,1
9.887,49.395,0,0
8.022,98.555,1,2
5.997,89.911,1,2
4.460,50.858,0,0
7.069,65.122,0,1
7.412,86.026,1,2
7.855,80.449,1,1
3.640,48.402,0,0
4.531,50.373,0,0
2.854,74.261,1,1
1.879,45.858,0,0
3.592,79.700,1,1
3.099,90.454,1,2
3.337,93.975,1,2
5.293,87.372,1,2
4.337,47.659,0,0
7.825,56.958,0,0
3.076,66.269,0,1
7.652,96.952,1,2
9.399,87.744,1,1
5.498,73.391,1,1
8.563,54.713,0,0
1.275,77.047,1,1
3.117,62.873,0,0
1.368,64.976,0,0
5.434,98.063,1,2
4.292,62.929,0,1
5.327,70.355,0,1
2.808,65.414,0,1
0.848,56.211,0,0
8.095,46.653,0,0
9.879,59.599,0,0
2.411,56.656,0,0
7.885,56.848,0,0
4.012,55.020,0,0
7.915,82.236,1,1
6.516,66.970,0,1
8.056,65.708,0,1
10.402,46.533,0,0
3.320,46.442,0,0
9.295,98.867,1,2
2.555,93.898,1,2
8.451,93.094,1,2
2.079,71.033,0,1
2.506,90.939,1,2
4.800,80.703,1,1
2.573,53.114,0,0
8.572,76.466,1,1
0.875,76.291,0,1
3.960,59.956,0,1
6.214,78.514,1,1
8.507,77.713,1,1
10.256,53.854,0,0
5.863,51.314,0,0
2.426,80.255,1,1
2.790,86.940,1,2
6.609,81.359,1,1
1.973,76.648,1,1
8.967,80.403,1,1
8.923,73.532,1,1
7.744,66.389,0,1
10.212,51.501,0,0
5.002,73.846,1,1
10.097,99.715,1,2
2.498,84.494,1,2
3.066,52.317,0,0
5.814,80.205,1,1
9.380,55.551,0,0
0.594,79.052,0,1
9.061,97.884,1,2
4.230,96.533,1,2
9.131,70.697,0,1
9.073,48.609,0,0
9.371,62.973,0,0
6.138,65.320,0,1
1.703,70.242,0,1
3.515,63.083,0,1
4.043,92.581,1,2
7.000,79.438,1,1
3.894,98.729,1,2
5.406,71.368,0,1
4.112,59.947,0,1
6.710,84.227,1,2
2.028,74.223,0,1
4.389,88.732,1,2
9.288,53.737,0,0
3.358,71.622,0,1
5.370,98.544,1,2
8.277,50.693,0,0
7.438,55.751,0,0
5.164,58.295,0,1
1.238,77.912,0,1
9.173,85.551,1,1
9.700,75.063,0,1
8.409,62.243,0,0
8.156,96.353,1,2
9.347,50.476,0,0
9.237,62.009,0,0
5.247,61.031,0,1
4.420,59.483,0,1
5.055,53.213,0,0
1.836,98.064,1,2
2.420,97.816,1,2
7.383,78.472,1,1
7.877,94.243,1,2
7.427,60.890,0,0
6.289,93.089,1,2
2.048,86.019,1,2
4.277,88.631,1,2
10.009,83.477,1,1
10.026,45.576,0,0
3.450,85.432,1,2
4.245,66.581,0,1
2.346,78.984,1,1
4.091,58.233,0,1
4.977,94.236,1,2
3.323,96.447,1,2
9.570,84.901,1,1
1.270,95.537,1,2
4.886,79.714,1,2
1.200,67.537,0,0
4.092,94.855,1,2
8.134,93.164,1,2
1.508,55.044,0,0
6.295,76.094,1,1
6.224,47.932,0,0
6.186,45.424,0,0
5.524,51.803,0,0
6.686,92.025,1,2
3.142,55.048,0,0
3.143,48.715,0,0
8.260,95.216,1,2
2.243,50.210,0,0
8.738,71.848,0,1
9.476,68.129,0,1
6.193,73.705,0,1
3.302,50.915,0,0
4.867,71.197,1,1
5.617,51.524,0,0
7.469,65.616,0,1
9.896,84.141,1,1
4.768,53.116,0,0
2.553,45.013,0,0
3.590,80.647,1,2
9.990,92.196,1,2
2.623,53.519,0,0
3.027,48.908,0,0
0.820,54.760,0,0
6.624,50.719,0,0
5.216,73.656,1,1
8.746,99.669,1,2
6.916,75.660,1,1
7.030,51.187,0,0
7.346,57.301,0,0
5.079,88.329,1,2
3.466,73.968,1,1
0.686,72.463,0,0
4.467,88.000,1,2
0.627,66.183,0,0
2.635,53.832,0,0
4.267,52.518,0,0
5.721,73.090,1,1
4.304,99.593,1,2
2.655,80.351,1,1
8.032,88.033,1,2
3.673,83.541,1,2
4.038,83.386,1,2
2.733,47.803,0,0
1.207,67.894,0,0
8.054,84.489,1,1
5.049,46.683,0,0
6.030,45.275,0,0
9.220,77.310,1,1
9.325,54.758,0,0
6.289,75.903,1,1
9.963,45.275,0,0
5.926,47.132,0,0
9.311,45.954,0,0
5.204,77.673,1,1
3.159,78.862,1,1
5.487,75.239,1,1
2.110,94.274,1,2
4.307,59.991,0,1
2.794,61.173,0,0
5.028,90.410,1,2
1.424,76.147,0,1
4.846,63.248,0,1
6.202,64.621,0,1
10.396,61.552,0,0
10.470,73.016,0,1
7.089,62.557,0,0
5.047,65.755,0,1
7.994,80.163,1,1
9.722,76.012,0,1
7.410,72.862,0,1
2.414,46.327,0,0
6.591,75.671,1,1
5.481,66.916,0,1
9.656,59.310,0,0
7.161,88.402,1,2
10.200,83.335,0,1
0.963,95.443,1,2
7.482,49.655,0,0
2.675,66.034,0,0
5.178,86.268,1,2
8.940,54.569,0,0
10.452,56.111,0,0
2.721,62.207,0,1
9.108,47.025,0,0
1.815,82.705,1,1
3.553,88.428,1,2
2.676,53.559,0,0
10.283,51.140,0,0
1.565,80.737,1,1
8.517,95.379,1,2
5.736,98.271,1,2
7.711,76.223,1,1
1.368,75.230,0,1
5.114,99.845,1,2
6.043,48.537,0,0
3.412,66.351,0,1
7.003,83.169,1,1
1.332,92.930,1,2
1.305,83.615,1,1
7.021,72.098,0,1
3.140,71.299,0,1
9.084,95.048,1,2
6.155,86.160,1,2
9.313,56.272,0,0
9.000,96.000,1,2
7.560,89.795,1,2
10.311,79.329,0,1
2.966,89.262,1,2
6.122,85.121,1,2
1.791,63.886,0,0
7.609,83.786,1,2
8.701,66.036,0,0
9.455,46.714,0,0
5.797,66.226,0,1
9.762,74.829,0,1
4.311,87.138,1,2
4.044,74.138,1,1
7.844,51.487,0,0
9.694,65.849,0,1
1.302,88.183,1,2
5.592,64.122,0,1
4.965,82.739,1,2
0.831,62.404,0,0
1.605,55.291,0,0
8.704,94.803,1,2
9.966,50.512,0,0
6.201,87.478,1,2
2.905,80.585,1,1
10.297,48.046,0,0
4.733,45.818,0,0
1.832,58.705,0,0
8.378,82.783,1,1
7.498,87.647,1,2
7.404,65.203,0,1
4.337,93.325,1,2
3.322,51.147,0,0
2.788,87.872,1,2
6.526,83.882,1,2
3.638,63.804,0,1
7.762,99.249,1,2
9.641,64.416,0,0
8.959,58.971,0,0
0.844,80.321,0,1
6.967,75.005,1,1
1.018,54.380,0,0
3.471,64.292,0,1
3.484,89.795,1,2
6.056,63.674,0,0
0.934,87.237,1,1
2.797,77.155,1,1
9.843,87.224,1,2
0.797,57.646,0,0
3.943,93.183,1,2
5.402,51.306,0,0
1.587,77.091,1,1
3.418,98.091,1,2
6.744,52.450,0,0
3.805,51.147,0,0
6.081,56.116,0,0
9.941,46.692,0,0
1.464,82.596,0,1
7.210,73.800,1,1
0.747,59.541,0,0
4.396,84.063,1,2
7.681,73.079,1,1
10.065,60.799,0,0
5.131,56.505,0,0
6.792,61.783,0,0
5.378,91.920,1,2
1.686,99.885,1,2
1.401,65.171,0,0
6.059,78.529,1,1
9.244,86.499,1,2
3.063,59.196,0,0
7.974,82.413,1,1
6.780,69.646,0,1
3.868,95.445,1,2
7.071,53.645,0,0
1.139,49.990,0,0
3.048,47.469,0,0
4.314,68.599,0,1
6.921,68.696,0,1
0.862,55.449,0,0
0.923,89.296,1,1
9.770,86.613,1,1
5.795,82.638,1,1
9.467,81.195,1,1
10.468,83.275,0,1
2.167,87.886,1,2
4.276,70.720,1,1
10.366,57.925,0,0
0.577,52.795,0,0
10.322,62.822,0,0
10.497,74.716,0,1
8.048,98.372,1,2
4.394,92.069,1,2
7.269,74.388,0,1
0.708,48.902,0,0
4.021,52.975,0,0
0.860,57.528,0,0
4.777,52.173,0,0
7.335,66.104,0,1
0.699,82.785,0,1
9.456,46.438,0,0
1.391,56.989,0,0
2.866,95.054,1,2
4.393,71.976,1,1
1.620,73.847,0,1
7.981,76.932,1,1
7.296,81.495,1,2
6.396,57.499,0,0
4.794,82.324,1,2
6.455,50.232,0,0
4.259,88.647,1,2
7.158,88.094,1,2
9.449,62.737,0,0
8.232,86.948,1,2
4.166,52.513,0,0
9.356,92.533,1,2
3.622,71.572,1,1
7.294,70.893,0,1
7.894,55.243,0,0
4.613,88.683,1,2
9.108,71.770,0,1
10.236,60.326,0,0
1.701,56.478,0,0
0.955,77.009,0,1
3.438,47.746,0,0
0.763,65.529,0,0
10.371,48.358,0,0
3.191,93.155,1,2
2.065,66.227,0,0
6.357,48.936,0,0
10.054,73.109,0,1
9.226,57.742,0,0
9.255,77.907,1,1
2.478,89.506,1,2
3.181,76.436,1,1
1.382,91.120,1,2
7.484,78.028,1,1
4.059,88.948,1,2
7.131,66.782,0,1
0.832,83.017,0,1
7.920,62.879,0,0
1.785,85.135,1,1
10.377,92.923,1,2
3.187,61.146,0,0
5.385,71.716,1,1
8.715,68.734,0,1
6.814,52.713,0,0
1.308,63.807,0,0
9.756,64.586,0,0
7.850,91.898,1,2
8.035,83.437,1,1
5.613,52.353,0,0
2.144,53.178,0,0
7.053,60.142,0,0
3.609,78.082,1,2
8.832,57.810,0,0
3.783,53.162,0,0
7.204,81.057,1,2
5.915,64.691,0,1
2.038,71.300,0,1
7.325,89.344,1,2
10.195,96.769,1,2
1.098,83.196,0,1
6.377,83.986,1,2
6.978,78.642,1,1
8.887,74.819,0,1
3.681,51.372,0,0
8.798,74.896,1,1
7.908,56.448,0,0
2.408,55.789,0,0
7.963,61.942,0,0
4.984,72.576,1,1
2.542,94.345,1,2
2.930,52.691,0,0
3.846,65.966,0,1
7.890,55.550,0,0
2.029,88.945,1,2
6.928,58.110,0,0
8.663,70.515,0,1
5.681,66.569,0,1
9.581,77.828,0,1
7.694,50.390,0,0
5.656,80.628,1,2
10.166,83.917,1,1
6.006,59.950,0,0
1.985,98.604,1,2
2.644,82.901,1,1
8.737,54.377,0,0
9.052,62.993,0,0
4.440,51.529,0,0
4.101,66.368,0,1
2.560,46.389,0,0
8.968,83.561,1,1
10.367,98.588,1,2
9.900,95.981,1,2
4.929,54.969,0,0
9.426,71.360,0,1
2.526,78.252,1,1
1.208,72.800,0,1
6.108,75.330,0,1
3.944,49.200,0,0
5.305,72.398,1,1
1.225,77.023,0,1
2.243,74.455,1,1
5.386,98.720,1,2
5.564,76.507,1,1
7.652,74.330,1,1
7.884,78.931,1,1
4.346,48.718,0,0
5.015,77.086,1,1
3.319,77.407,1,1
2.058,88.311,1,2
4.515,67.377,0,1
6.314,86.258,1,1
10.478,67.620,0,0
7.895,51.726,0,0
8.615,64.568,0,0
8.753,98.104,1,2
9.832,73.912,0,1
9.683,80.627,1,1
2.270,46.887,0,0
3.680,92.213,1,2
3.166,76.231,1,1
8.530,63.021,0,0
5.370,91.927,1,2
9.953,83.429,1,1
6.231,45.176,0,0
0.782,64.927,0,0
2.925,77.865,1,1
4.531,56.063,0,0
1.839,84.159,1,1
6.115,51.221,0,0
0.972,84.685,1,1
2.934,89.793,1,2
0.618,69.384,0,0
1.694,52.240,0,0
7.566,76.161,1,1
5.532,81.672,1,2
10.088,70.997,0,1
1.820,87.392,1,2
2.402,99.273,1,2
1.107,73.028,0,1
2.491,88.458,1,2
3.450,98.866,1,2
4.796,97.299,1,2
2.991,50.169,0,0
2.200,82.229,1,1
4.301,76.554,1,1
1.005,57.169,0,0
8.736,84.137,1,1
6.202,60.991,0,0
5.592,47.077,0,0
5.165,87.569,1,2
6.052,82.090,1,2
10.435,49.434,0,0
4.328,60.691,0,1
6.180,61.337,0,1
2.593,66.525,0,0
4.447,46.790,0,0
1.448,55.015,0,0
9.152,98.948,1,2
7.303,85.391,1,2
8.187,89.898,1,2
8.120,96.623,1,2
1.837,69.099,0,0
6.854,66.341,0,1
1.967,80.833,1,1
6.681,52.941,0,0
1.839,70.529,0,0
2.077,93.144,1,2
1.738,69.007,0,0
5.872,47.205,0,0
1.680,54.562,0,0
4.141,85.240,1,2
4.750,99.214,1,2
10.374,63.091,0,0
8.305,79.784,1,1
6.351,99.817,1,2
7.828,85.491,1,2
0.611,45.847,0,0
4.183,49.705,0,0
3.369,80.194,1,2
7.111,74.270,1,1
1.795,77.009,0,1
9.948,47.311,0,0
3.740,68.142,0,1
9.233,74.787,1,1
8.995,59.978,0,0
5.166,70.726,1,1
0.525,72.220,0,0
1.692,67.948,0,0
4.364,55.361,0,0
7.880,96.526,1,2
5.266,95.376,1,2
9.871,68.719,0,0
9.561,64.270,0,0
3.756,84.440,1,2
10.391,83.455,1,1
5.780,90.874,1,2
1.239,53.286,0,0
0.867,63.977,0,0
4.181,90.890,1,2
4.650,69.820,0,1
2.306,63.634,0,0
9.503,81.654,1,1
3.593,83.737,1,2
8.228,56.301,0,0
2.675,54.490,0,0
4.843,51.201,0,0
4.328,50.241,0,0
8.166,53.503,0,0
4.157,72.647,1,1
2.726,53.228,0,0
8.874,49.598,0,0
7.001,96.742,1,2
2.200,61.127,0,0
2.879,62.552,0,0
1.489,47.728,0,0
8.832,70.908,0,1
4.690,78.287,1,2
8.806,85.808,1,2
6.336,92.434,1,2
8.438,89.041,1,2
8.062,47.155,0,0
5.159,52.104,0,0
3.061,67.932,0,1
4.403,81.768,1,2
5.813,98.456,1,2
10.469,97.152,1,2
3.365,96.232,1,2
7.860,88.441,1,2
3.064,75.339,1,1
6.824,50.996,0,0
7.851,91.817,1,2
0.508,48.384,0,0
7.785,80.319,1,1
9.187,86.586,1,1
9.549,74.208,0,1
9.241,74.998,0,1
4.318,87.663,1,2
1.969,57.752,0,0
3.914,93.277,1,2
9.309,85.154,1,2
7.260,81.103,1,1
5.550,97.468,1,2
0.561,85.219,0,1
1.220,90.339,1,2
6.048,64.064,0,1
9.213,56.657,0,0
6.601,47.507,0,0
4.107,92.004,1,2
0.560,93.237,1,2
2.606,72.353,0,1
6.655,95.757,1,2
3.424,62.727,0,1
5.869,98.047,1,2
0.902,69.622,0,0
5.898,71.766,1,1
5.103,49.752,0,0
0.721,50.387,0,0
8.707,90.822,1,2
8.371,56.693,0,0
1.651,48.136,0,0
6.760,53.220,0,0
9.088,97.010,1,2
5.628,84.068,1,2
8.028,60.397,0,0
1.730,67.842,0,0
1.096,65.843,0,0
2.855,89.076,1,2
8.169,97.242,1,2
3.390,54.536,0,0
8.942,51.297,0,0
1.169,60.499,0,0
5.323,94.164,1,2
4.864,59.810,0,1
8.614,64.927,0,1
7.201,82.241,1,1
7.931,94.463,1,2
6.572,55.879,0,0
2.080,58.969,0,0
8.107,82.688,1,2
7.697,96.056,1,2
7.813,78.893,1,1
5.098,64.839,0,1
4.737,91.317,1,2
1.974,88.085,1,2
8.653,55.584,0,0
4.851,68.648,1,1
10.045,50.485,0,0
3.217,75.057,0,1
5.336,73.437,0,1
4.016,77.963,1,2
6.575,97.100,1,2
10.170,63.991,0,0
2.724,88.881,1,2
4.351,53.163,0,0
3.453,50.199,0,0
1.445,96.312,1,2
0.861,46.220,0,0
10.427,79.700,0,1
3.804,99.248,1,2
7.570,67.777,0,1
8.330,55.210,0,0
6.909,48.414,0,0
3.151,55.689,0,0
7.207,63.790,0,0
9.708,79.438,1,1
5.077,71.349,1,1
9.417,45.445,0,0
9.112,58.633,0,0
8.216,89.796,1,2
7.462,87.430,1,2
10.091,71.373,0,1
5.512,54.942,0,0
9.696,45.251,0,0
1.380,56.527,0,0
7.590,74.609,1,1
1.688,67.394,0,0
4.202,50.082,0,0
6.350,78.767,1,1
7.426,84.037,1,2
7.324,75.488,1,1
2.292,84.771,1,1
1.388,58.607,0,0
1.925,77.854,0,1
6.686,92.894,1,2
2.289,50.752,0,0
9.662,90.092,1,2
7.298,46.378,0,0
3.516,47.507,0,0
6.808,73.826,0,1
1.232,75.381,0,1
6.547,66.613,0,1
2.050,87.167,1,2
6.824,64.945,0,1
3.290,61.124,0,0
6.033,59.129,0,0
7.523,47.832,0,0
2.697,75.941,1,1
1.082,83.963,0,1
1.921,76.015,0,1
8.876,68.137,0,1
10.017,85.465,1,1
6.265,64.255,0,1
1.342,98.861,1,2
6.485,67.025,0,1
3.883,53.009,0,0
2.230,94.425,1,2
7.960,85.629,1,2
9.151,76.549,1,1
5.834,52.482,0,0
6.241,91.759,1,2
9.964,63.084,0,0
0.528,59.597,0,0
9.065,86.529,1,2
9.792,95.711,1,2
8.985,94.544,1,2
6.010,61.717,0,1
9.411,98.793,1,2
5.466,92.100,1,2
4.177,57.555,0,0
5.482,98.075,1,2
0.932,57.628,0,0
0.801,89.574,1,1
5.687,71.675,0,1
6.397,60.752,0,0
1.194,67.606,0,0
8.135,45.166,0,0
2.001,95.721,1,2
2.632,55.010,0,0
5.260,58.838,0,1
8.244,82.380,1,1
5.387,80.597,1,2
9.504,94.094,1,2
8.078,79.094,1,1
6.118,89.136,1,2
9.192,73.004,0,1
3.968,52.783,0,0
6.295,89.584,1,2
6.940,57.324,0,0
1.411,86.730,1,1
3.131,68.128,0,1
10.319,50.915,0,0
3.556,77.289,1,1
9.594,65.510,0,1
1.006,62.488,0,0
2.999,68.643,0,1
2.818,86.177,1,2
0.521,81.164,0,1
7.744,85.644,1,1
2.837,70.834,0,1
6.354,71.921,0,1
1.459,83.070,1,1
6.235,92.116,1,2
5.451,69.490,0,1
5.214,97.996,1,2
8.390,52.391,0,0
4.011,82.765,1,2
7.653,84.145,1,1
8.568,63.878,0,0
2.936,45.633,0,0
3.471,74.767,1,1
6.623,65.681,0,1
2.328,88.626,1,2
0.551,79.542,0,1
6.579,77.444,1,1
7.538,53.550,0,0
1.569,82.193,1,1
6.202,55.400,0,0
5.245,81.627,1,2
5.605,74.236,1,1
9.864,48.877,0,0
0.933,96.664,1,2
2.345,88.160,1,2
1.324,72.280,0,0
6.694,67.742,0,1
9.116,66.161,0,0
5.874,50.054,0,0
0.818,58.278,0,0
5.532,59.864,0,0
1.601,98.732,1,2
1.366,65.942,0,0
3.535,62.563,0,1
9.013,83.544,1,1
7.458,47.418,0,0
10.347,75.239,0,1
5.321,80.795,1,1
2.362,85.365,1,2
4.132,59.253,0,1
1.344,63.273,0,0
4.502,80.815,1,1
6.528,80.022,1,1
7.064,81.995,1,2
10.201,77.803,0,1
4.283,49.403,0,0
1.375,73.009,0,1
9.133,48.811,0,0
2.248,54.756,0,0
3.748,93.647,1,2
1.933,66.313,0,0
7.602,63.330,0,0
9.329,98.834,1,2
2.609,81.544,1,2
6.293,58.983,0,0
0.744,64.468,0,0
7.352,81.065,1,1
1.949,52.438,0,0
3.627,98.546,1,2
6.029,91.357,1,2
5.109,59.839,0,1
8.244,50.488,0,0
0.833,99.814,1,2
2.605,83.351,1,1
2.488,90.269,1,2
4.377,53.859,0,0
8.997,92.824,1,2
10.141,55.456,0,0
10.127,82.804,1,1
2.361,92.946,1,2
2.548,63.070,0,0
3.373,97.405,1,2
6.400,67.164,0,1
8.849,60.894,0,0
5.586,87.883,1,2
0.873,77.305,0,1
7.317,71.369,0,1
6.694,52.823,0,0
4.278,96.161,1,2
5.859,86.389,1,2
2.899,45.856,0,0
3.499,72.618,1,1
6.368,66.452,0,1
4.209,77.033,1,1
3.923,57.765,0,1
1.937,67.484,0,1
9.268,77.160,1,1
5.670,96.280,1,2
9.144,75.541,1,1
6.425,60.600,0,1
1.238,98.022,1,2
0.859,50.941,0,0
2.256,45.847,0,0
4.195,68.801,0,1
2.215,71.996,0,1
4.000,86.411,1,2
9.666,55.344,0,0
0.668,71.028,0,0
1.252,88.498,1,1
7.624,58.831,0,0
7.819,88.521,1,2
3.072,97.710,1,2
1.251,93.326,1,2
3.882,77.631,1,1
7.449,91.529,1,2
3.264,64.868,0,1
5.570,97.010,1,2
4.863,97.585,1,2
9.435,48.056,0,0
6.664,60.660,0,0
3.957,62.574,0,1
4.440,79.504,1,2
1.753,97.320,1,2
8.457,99.154,1,2
2.406,54.091,0,0
1.635,86.023,1,1
3.753,54.579,0,0
7.135,83.723,1,1
5.772,83.257,1,2
0.594,56.337,0,0
6.318,72.529,0,1
7.906,84.373,1,2
7.823,89.514,1,2
2.551,96.498,1,2
1.256,68.691,0,0
4.232,99.501,1,2
2.613,98.944,1,2
10.067,70.636,0,1
7.320,74.181,1,1
3.567,69.865,1,1
8.737,51.609,0,0
6.504,68.057,0,1
0.912,63.969,0,0
2.673,46.904,0,0
3.079,48.993,0,0
9.659,71.834,0,1
6.898,94.817,1,2
2.386,79.029,1,1
8.972,74.942,1,1
4.384,51.311,0,0
10.413,96.618,1,2
6.035,50.530,0,0
0.624,96.412,1,2
4.536,88.653,1,2
7.210,83.262,1,1
4.840,60.675,0,1
7.100,96.872,1,2
1.437,74.151,0,1
0.652,82.820,0,1
1.435,60.741,0,0
6.881,73.050,1,1
2.721,57.022,0,0
8.671,57.013,0,0
8.407,74.903,0,1
1.787,69.271,0,1
1.081,60.890,0,0
7.180,45.908,0,0
7.495,63.651,0,1
9.372,83.396,1,1
3.998,50.498,0,0
0.767,68.682,0,0
8.054,77.839,1,1
6.478,69.968,0,1
10.041,46.605,0,0
3.538,87.744,1,2
0.598,75.980,0,1
1.063,94.412,1,2
9.347,93.715,1,2
4.037,97.959,1,2
1.243,47.323,0,0
0.787,78.997,0,1
6.889,98.254,1,2
4.104,61.654,0,1
7.921,96.061,1,2
6.578,61.041,0,0
2.811,70.633,0,1
6.582,82.992,1,2
4.449,90.562,1,2
7.212,86.378,1,2
2.960,47.390,0,0
3.529,80.359,1,2
2.188,88.274,1,2
1.838,60.294,0,0
4.532,59.692,0,1
6.635,98.773,1,2
6.360,96.317,1,2
2.403,82.559,1,2
4.381,87.530,1,2
4.874,97.536,1,2
2.679,45.215,0,0
6.708,95.712,1,2
3.907,87.702,1,2
1.484,64.852,0,0
7.337,48.129,0,0
2.229,77.711,0,1
4.027,73.958,1,1
8.216,85.771,1,2
1.774,87.483,1,2
6.004,97.763,1,2
6.407,58.341,0,0
3.201,52.266,0,0
1.634,52.715,0,0
4.546,83.540,1,2
2.827,96.183,1,2
4.340,79.448,1,2
1.902,50.875,0,0
4.499,73.179,1,1
9.706,80.840,1,1
0.589,62.170,0,0
6.227,68.139,0,1
4.670,89.370,1,2
8.954,57.121,0,0
8.184,58.178,0,0
5.020,46.883,0,0
3.058,47.858,0,0
9.932,72.007,0,1
8.705,47.362,0,0
9.329,60.557,0,0
1.358,89.048,1,2
4.433,99.342,1,2
5.178,84.952,1,2
3.447,46.478,0,0
2.730,91.630,1,2
3.755,91.786,1,2
2.209,63.019,0,0
10.064,80.105,1,1
9.514,75.568,0,1
6.713,56.459,0,0
6.228,60.461,0,1
10.403,61.327,0,0
5.488,97.741,1,2
8.119,70.329,0,1
0.826,94.276,1,2
4.744,99.629,1,2
2.416,53.179,0,0
1.347,75.377,0,1
8.925,87.725,1,2
7.814,78.538,1,1
4.049,56.793,0,1
1.719,86.058,1,1
8.480,84.719,1,2
4.022,67.778,0,1
8.317,49.822,0,0
6.558,49.291,0,0
7.709,53.567,0,0
6.476,57.384,0,0
10.109,90.155,1,2
2.905,88.869,1,2
9.221,57.489,0,0
6.744,89.987,1,2
7.457,78.370,1,1
10.340,83.358,0,1
0.840,75.358,0,1
3.181,81.244,1,2
7.747,67.995,0,1
8.389,69.323,0,1
2.996,95.305,1,2
5.214,91.899,1,2
9.091,70.889,0,1
10.239,96.623,1,2
10.217,76.019,0,1
2.592,90.304,1,2
4.296,46.170,0,0
4.802,57.413,0,1
5.350,62.945,0,1
9.098,74.019,0,1
5.343,88.368,1,2
3.434,49.992,0,0
6.818,67.776,0,1
8.385,51.496,0,0
6.562,78.186,1,1
9.777,45.989,0,0
10.309,74.172,0,1
7.971,62.617,0,0
9.380,64.659,0,0
1.370,83.456,1,1
6.311,69.004,0,1
0.738,55.632,0,0
3.204,61.868,0,0
6.924,62.150,0,0
7.368,86.293,1,2
8.787,57.782,0,0
8.886,98.558,1,2
3.216,77.430,1,1
4.926,93.385,1,2
8.212,69.527,0,1
2.590,69.024,0,1
9.301,80.337,0,1
0.815,95.635,1,2
4.273,91.053,1,2
0.920,62.345,0,0
3.318,50.261,0,0
8.921,58.876,0,0
10.337,45.160,0,0
4.763,93.176,1,2
2.867,99.405,1,2
3.735,93.174,1,2
8.893,98.674,1,2
2.435,72.323,0,1
8.187,79.348,1,1
3.595,98.090,1,2
2.993,72.000,1,1
9.465,98.844,1,2
2.698,66.956,0,1
9.916,68.358,0,1
4.931,48.758,0,0
10.464,62.990,0,0
7.810,51.205,0,0
8.851,95.560,1,2
5.939,57.215,0,0
10.202,75.032,0,1
7.648,67.546,0,1
4.873,82.310,1,2
1.070,78.754,0,1
2.402,63.144,0,0
9.159,47.147,0,0
9.922,52.178,0,0
0.811,47.659,0,0
4.607,52.430,0,0
4.975,57.345,0,0
2.110,58.842,0,0
0.834,88.964,1,1
9.115,85.067,1,2
8.805,62.558,0,0
9.347,76.515,0,1
3.476,47.118,0,0
9.371,84.549,1,1
10.246,92.817,1,2
8.464,55.102,0,0
3.961,80.203,1,2
4.249,63.984,0,1
5.508,84.070,1,2
9.645,53.142,0,0
5.499,90.504,1,2
4.766,84.131,1,2
1.115,97.387,1,2
3.752,70.483,1,1
2.614,67.479,0,1
5.232,59.614,0,0
5.262,70.784,0,1
2.447,55.469,0,0
1.356,86.287,1,1
6.837,96.857,1,2
2.919,87.445,1,2
7.135,69.316,0,1
6.185,75.201,1,1
9.198,79.786,1,1
3.130,64.388,0,1
10.218,71.982,0,1
8.957,90.858,1,2
5.448,65.609,0,1
3.982,48.968,0,0
2.595,78.557,1,1
6.184,54.976,0,0
2.343,71.419,0,1
4.049,75.987,1,1
1.134,47.804,0,0
7.180,90.619,1,2
6.519,60.643,0,0
7.297,98.451,1,2
8.938,46.975,0,0
5.996,57.306,0,0
4.215,74.787,1,1
3.018,76.719,1,1
5.713,45.710,0,0
4.873,76.167,1,1
4.887,84.183,1,2
3.178,76.727,1,1
2.467,61.978,0,0
8.447,62.187,0,0
10.252,49.074,0,0
7.184,61.402,0,0
6.541,59.146,0,0
2.207,90.113,1,2
4.959,60.060,0,1
9.909,88.272,1,2
10.115,67.944,0,0
1.238,72.026,0,1
8.918,72.786,0,1
2.668,58.467,0,0
9.952,53.760,0,0
2.758,70.976,0,1
8.220,61.403,0,0
10.073,98.997,1,2
0.968,54.049,0,0
0.628,74.161,0,1
5.839,80.304,1,2
4.813,80.082,1,2
9.912,88.552,1,2
3.426,54.754,0,0
0.703,68.810,0,0
9.196,58.801,0,0
6.514,46.001,0,0
5.646,92.730,1,2
6.806,95.726,1,2
9.542,97.838,1,2
3.121,69.109,0,1
3.010,59.040,0,0
10.390,86.296,1,1
5.683,62.174,0,1
0.839,92.432,1,2
8.107,96.452,1,2
6.143,49.994,0,0
0.965,64.696,0,0
4.243,87.963,1,2
6.436,78.776,1,1
9.147,64.439,0,0
7.110,91.007,1,2
6.873,47.054,0,0
7.958,98.780,1,2
4.710,79.638,1,2
8.618,51.687,0,0
7.745,79.269,1,1
1.452,50.044,0,0
7.749,88.879,1,2
9.432,80.441,1,1
9.935,87.511,1,2
4.915,80.821,1,2
1.716,99.395,1,2
6.181,68.155,0,1
1.490,93.420,1,2
6.234,64.300,0,1
7.976,65.745,0,0
6.435,68.162,0,1
7.437,61.234,0,0
7.992,66.712,0,1
5.289,76.025,1,1
3.079,72.927,0,1
8.379,98.429,1,2
5.587,75.710,1,2
7.491,90.690,1,2
4.382,60.242,0,1
9.545,59.805,0,0
4.449,54.721,0,0
6.502,72.947,1,1
6.841,88.962,1,2
5.792,72.222,1,1
8.445,83.333,1,2
3.185,47.613,0,0
1.123,61.581,0,0
2.053,98.054,1,2
4.770,90.238,1,2
7.516,62.917,0,0
2.036,91.455,1,2
4.701,87.285,1,2
6.799,95.714,1,2
2.569,71.422,0,1
6.943,78.512,1,1
7.005,48.802,0,0
2.797,56.975,0,0
9.423,85.885,1,1
10.003,85.768,1,1
9.801,49.724,0,0
2.772,46.507,0,0
3.748,74.184,1,1
5.937,70.245,0,1
8.645,81.703,1,1
0.732,47.512,0,0
3.022,58.492,0,0
7.016,55.359,0,0
2.767,71.345,0,1
2.703,82.978,1,2
10.468,93.630,1,2
6.581,51.085,0,0
7.397,45.257,0,0
1.390,96.139,1,2
3.477,45.001,0,0
1.720,85.007,1,2
2.983,47.727,0,0
1.840,86.051,1,1
1.629,86.301,1,2
8.180,79.273,1,1
3.266,69.675,0,1
9.452,77.543,1,1
0.604,47.700,0,0
3.705,72.441,1,1
3.518,98.063,1,2
4.531,71.967,1,1
6.294,63.970,0,0
5.541,74.051,0,1
3.975,49.726,0,0
3.899,55.362,0,0
7.597,75.788,1,1
3.663,81.279,1,2
7.456,63.875,0,0
5.527,80.585,1,1
2.888,81.646,1,1
8.043,72.749,1,1
5.893,59.761,0,1
6.863,56.829,0,0
1.264,52.624,0,0
5.093,52.125,0,0
5.632,59.367,0,0
4.621,94.057,1,2
4.225,79.645,1,2
1.830,75.335,0,1
5.468,72.427,1,1
8.270,48.789,0,0
6.332,45.744,0,0
3.591,63.103,0,1
2.429,71.716,0,1
4.231,71.089,1,1
3.647,89.509,1,2
2.401,99.429,1,2
4.604,69.086,0,1
4.072,60.480,0,1
5.825,88.232,1,2
8.805,68.325,0,1
4.075,57.204,0,1
7.240,50.116,0,0
2.204,48.598,0,0
2.879,88.220,1,2
9.102,88.955,1,2
7.953,91.719,1,2
7.640,74.630,1,1
8.705,88.516,1,2
9.430,66.135,0,0
9.876,81.869,1,1
7.767,65.892,0,0
9.792,97.052,1,2
3.186,53.089,0,0
5.274,52.555,0,0
2.397,92.332,1,2
1.556,88.324,1,1
4.462,66.289,0,1
3.894,79.523,1,2
6.813,58.248,0,0
4.569,52.211,0,0
2.057,67.642,0,1
5.457,84.275,1,2
3.798,89.766,1,2
8.174,53.855,0,0
7.386,98.927,1,2
10.056,53.702,0,0
10.156,47.231,0,0
6.251,90.779,1,2
3.110,77.393,1,1
6.135,82.310,1,1
3.483,73.469,1,1
5.703,53.653,0,0
8.098,95.278,1,2
7.738,50.346,0,0
5.087,71.923,0,1
3.551,61.449,0,0
0.795,45.216,0,0
9.087,66.503,0,0
8.822,92.483,1,2
6.558,96.935,1,2
8.585,95.744,1,2
2.438,60.373,0,0
7.094,84.289,1,2
3.421,98.168,1,2
8.715,68.581,0,1
4.503,79.659,1,2
5.302,67.487,0,1
4.148,72.655,1,1
4.774,64.107,0,1
9.216,96.603,1,2
10.230,67.090,0,0
3.179,81.436,1,2
8.522,77.488,1,1
10.074,52.413,0,0
5.685,61.013,0,1
6.488,66.886,0,1
8.729,56.995,0,0
7.121,87.208,1,2
5.866,71.719,0,1
9.460,80.967,1,1
6.100,95.390,1,2
8.367,93.493,1,2
9.660,49.904,0,0
3.679,99.701,1,2
8.835,70.111,0,1
2.383,66.735,0,0
5.914,88.919,1,2
7.051,88.072,1,2
9.079,74.784,0,1
3.659,84.195,1,2
10.195,46.889,0,0
8.010,90.928,1,2
9.729,66.099,0,0
3.054,62.707,0,0
5.970,48.729,0,0
5.024,60.519,0,1
10.114,57.480,0,0
8.628,90.718,1,2
2.145,87.313,1,2
9.608,95.148,1,2
4.120,78.622,1,1
5.233,99.417,1,2
1.047,88.329,1,1
5.606,54.135,0,0
9.556,57.371,0,0
5.135,90.161,1,2
0.825,47.926,0,0
8.936,80.164,1,1
5.201,68.209,0,1
1.516,89.282,1,1
7.472,91.605,1,2
2.349,53.185,0,0
6.602,98.298,1,2
4.691,79.786,1,1
2.981,56.611,0,0
4.841,59.403,0,1
3.487,49.247,0,0
5.202,72.788,1,1
6.348,99.760,1,2
5.547,98.058,1,2
1.055,88.524,1,1
6.206,95.612,1,2
9.954,60.017,0,0
9.031,82.339,1,1
4.725,68.317,0,1
8.219,96.699,1,2
2.199,46.086,0,0
7.601,75.462,1,1
2.273,49.944,0,0
1.302,54.121,0,0
7.127,46.605,0,0
4.059,78.969,1,2
5.661,55.269,0,0
0.999,50.186,0,0
2.772,71.854,0,1
1.260,93.581,1,2
9.778,67.150,0,1
1.656,58.225,0,0
9.706,73.908,0,1
1.193,46.753,0,0
2.521,80.742,1,2
7.603,80.700,1,1
6.822,70.426,0,1
1.006,83.207,1,1
3.828,76.802,1,1
1.787,89.088,1,2
3.873,84.410,1,2
4.078,98.843,1,2
5.882,94.214,1,2
8.001,56.641,0,0
0.819,83.203,1,1
7.268,60.279,0,0
9.800,60.490,0,0
3.851,81.301,1,2
7.120,96.549,1,2
4.974,95.104,1,2
3.452,60.627,0,0
5.821,83.043,1,2
1.086,86.475,1,1
7.290,88.652,1,2
5.883,74.690,1,1
3.152,91.032,1,2
0.815,60.142,0,0
9.805,90.623,1,2
7.046,96.301,1,2
0.953,64.046,0,0
8.391,48.386,0,0
1.595,83.821,1,1
5.071,49.679,0,0
1.701,72.683,0,1
9.699,94.466,1,2
6.912,86.564,1,2
7.362,99.560,1,2
3.952,50.717,0,0
3.765,74.927,1,1
1.132,85.013,1,1
9.304,51.818,0,0
1.819,55.375,0,0
6.596,85.508,1,2
2.577,62.492,0,0
1.434,53.401,0,0
0.968,85.279,1,1
3.772,50.062,0,0
1.665,53.138,0,0
8.907,46.231,0,0
6.603,96.329,1,2
2.326,61.325,0,0
0.765,53.070,0,0
5.197,88.977,1,2
8.932,86.734,1,2
2.978,46.820,0,0
6.297,47.904,0,0
2.925,94.079,1,2
10.198,45.004,0,0
2.978,95.595,1,2
2.576,93.442,1,2
6.641,67.445,0,1
3.377,51.127,0,0
9.131,70.689,0,1
8.147,78.531,1,1
7.426,86.540,1,2
10.041,57.475,0,0
4.799,94.057,1,2
0.914,99.114,1,2
3.650,84.808,1,2
3.011,75.471,1,1
2.272,69.366,0,1
4.491,90.389,1,2
1.111,93.983,1,2
0.522,59.574,0,0
5.760,53.212,0,0
1.995,50.226,0,0
8.751,65.685,0,1
1.616,66.028,0,0
1.443,78.157,0,1
6.364,66.693,0,1
8.549,79.501,1,1
8.311,60.558,0,0
9.117,96.694,1,2
5.127,76.681,1,1
2.987,78.640,1,1
0.745,90.862,1,1
9.930,82.633,1,1
6.386,64.585,0,0
9.917,56.744,0,0
8.892,48.279,0,0
7.115,62.639,0,0
8.151,49.163,0,0
2.209,75.886,1,1
9.516,50.924,0,0
9.035,94.321,1,2
5.267,48.963,0,0
4.879,95.712,1,2
5.440,59.642,0,0
6.197,85.706,1,2
2.159,62.547,0,0
9.994,82.652,1,1
4.021,77.295,1,1
0.868,46.239,0,0
6.486,85.261,1,2
1.935,82.617,1,1
10.496,80.061,0,1
9.793,69.439,0,1
8.048,84.941,1,1
1.167,94.109,1,2
8.934,88.227,1,2
2.327,57.252,0,0
6.825,79.120,1,1
2.221,67.408,0,0
7.666,48.569,0,0
7.562,59.492,0,0
3.973,49.706,0,0
2.894,83.775,1,2
8.932,54.630,0,0
9.934,78.835,0,1
2.189,56.312,0,0
10.455,69.013,0,1
6.181,94.515,1,2
3.744,98.035,1,2
5.363,88.926,1,2
1.149,91.114,1,2
5.607,68.884,0,1
6.512,72.441,0,1
5.667,89.060,1,2
0.820,84.947,1,1
7.907,71.169,0,1
5.411,65.611,0,1
2.190,66.366,0,0
8.846,98.762,1,2
6.708,85.758,1,2
0.704,52.429,0,0
4.843,57.150,0,1
8.134,49.669,0,0
6.991,94.093,1,2
4.313,99.073,1,2
8.475,75.643,1,1
5.216,59.130,0,0
2.102,60.171,0,0
1.877,69.697,0,0
9.473,45.374,0,0
3.111,66.036,0,1
6.389,92.144,1,2
2.975,59.568,0,0
3.706,50.725,0,0
3.748,54.414,0,0
0.645,47.527,0,0
0.602,58.684,0,0
1.384,69.341,0,1
7.761,85.106,1,2
3.267,68.372,1,1
4.920,50.145,0,0
6.693,90.123,1,2
5.606,93.271,1,2
9.439,81.146,1,1
8.304,82.561,1,2
9.304,67.644,0,0
3.542,91.217,1,2
10.362,68.183,0,0
10.018,64.158,0,0
7.096,52.597,0,0
8.527,60.961,0,0
2.322,48.599,0,0
10.228,75.708,0,1
2.426,84.092,1,2
8.448,87.400,1,2
0.839,50.315,0,0
8.191,58.699,0,0
6.228,92.298,1,2
4.536,95.132,1,2
3.195,92.207,1,2
5.236,65.012,0,1
3.406,66.890,0,1
4.117,63.230,0,1
10.421,64.707,0,0
4.182,66.565,0,1
9.211,48.761,0,0
4.977,65.667,0,1
9.158,72.268,0,1
7.596,89.476,1,2
9.096,84.537,1,1
7.737,62.720,0,0
6.693,76.121,1,1
9.382,79.974,1,1
7.166,98.173,1,2
8.820,68.774,0,1
7.248,79.366,1,1
5.100,83.169,1,2
3.353,79.069,1,1
3.732,56.751,0,1
8.851,80.080,1,1
3.088,85.463,1,2
3.400,70.048,1,1
10.267,58.666,0,0
7.253,95.366,1,2
3.863,72.194,1,1
7.441,59.356,0,0
4.939,85.636,1,2
1.152,69.989,0,0
9.552,99.882,1,2
1.026,51.505,0,0
9.936,69.520,0,1
4.647,84.685,1,2
5.943,99.707,1,2
5.372,76.013,1,1
5.117,74.231,1,1
8.938,83.428,1,1
3.855,48.061,0,0
10.385,45.362,0,0
6.301,63.520,0,1
8.806,63.238,0,0
2.180,51.712,0,0
2.380,91.029,1,2
3.612,92.757,1,2
9.219,67.026,0,1
4.577,65.417,0,1
8.497,71.990,1,1
7.303,89.225,1,2
2.301,63.451,0,0
5.466,76.324,1,1
1.788,88.538,1,2
5.557,84.336,1,2
2.165,49.422,0,0
7.200,73.304,0,1
5.076,94.198,1,2
6.424,92.564,1,2
4.984,48.252,0,0
6.207,76.166,1,1
4.696,89.809,1,2
3.490,66.489,0,1
10.035,80.429,0,1
5.788,80.388,1,1
1.990,47.750,0,0
4.016,86.937,1,2
8.245,75.946,1,1
5.953,68.720,0,1
5.304,57.030,0,0
6.236,76.957,1,1
7.726,94.311,1,2
10.292,46.924,0,0
1.918,80.237,1,1
9.866,71.334,0,1
5.126,55.727,0,0
6.693,58.901,0,0
4.749,47.243,0,0
5.098,81.730,1,2
4.453,87.181,1,2
8.150,89.775,1,2
5.347,62.942,0,1
8.209,74.697,1,1
1.535,77.920,0,1
0.760,59.515,0,0
2.906,82.637,1,2
2.829,74.942,1,1
3.051,92.977,1,2
4.928,95.201,1,2
7.167,48.016,0,0
9.537,78.981,1,1
10.407,92.060,1,2
6.949,50.164,0,0
9.484,59.761,0,0
5.671,47.202,0,0
7.961,74.296,1,1
9.384,50.271,0,0
7.422,75.433,0,1
4.564,46.261,0,0
8.660,55.022,0,0
8.218,64.556,0,0
10.270,73.663,0,1
8.683,72.687,0,1
6.336,70.827,1,1
2.799,58.088,0,0
0.590,89.709,1,1
2.816,71.302,0,1
7.565,62.776,0,0
1.997,65.786,0,0
7.558,99.495,1,2
3.132,87.773,1,2
2.157,91.851,1,2
9.125,90.049,1,2
1.769,45.093,0,0
9.021,56.101,0,0
6.561,78.651,1,1
3.171,46.493,0,0
2.862,51.884,0,0
6.383,58.673,0,0
3.099,74.969,1,1
6.510,57.053,0,0
6.656,50.449,0,0
0.758,81.222,0,1
3.132,77.125,1,1
7.826,79.193,1,1
1.883,52.619,0,0
8.000,70.037,0,1
8.282,79.893,1,1
8.694,59.283,0,0
9.346,54.569,0,0
4.128,47.485,0,0
9.971,75.135,0,1
0.947,76.475,0,1
1.090,69.972,0,0
6.417,98.559,1,2
1.131,52.943,0,0
5.714,76.734,1,1
3.598,61.706,0,1
7.352,81.828,1,1
4.816,52.403,0,0
3.790,70.027,1,1
7.088,96.981,1,2
10.188,70.667,0,0
2.842,81.935,1,2
1.184,93.465,1,2
2.096,63.704,0,0
9.641,93.596,1,2
7.812,86.903,1,1
0.528,83.281,0,1
2.613,56.791,0,0
8.188,74.503,0,1
1.934,87.692,1,2
5.373,50.135,0,0
2.390,60.327,0,0
3.336,83.425,1,2
4.974,83.899,1,2
5.320,61.888,0,1
9.126,56.171,0,0
5.327,80.919,1,2
10.013,50.930,0,0
5.684,93.248,1,2
5.142,87.807,1,2
3.399,89.247,1,2
4.376,89.847,1,2
10.234,82.180,0,1
5.896,62.988,0,1
2.337,48.400,0,0
1.811,80.788,1,1
6.883,94.771,1,2
5.962,48.583,0,0
5.557,99.934,1,2
6.654,79.378,1,1
1.245,45.747,0,0
1.136,50.177,0,0
3.304,52.165,0,0
3.304,70.567,0,1
7.644,81.861,1,2
9.203,76.856,1,1
6.223,54.895,0,0
8.389,61.927,0,0
8.446,95.199,1,2
4.482,55.991,0,0
6.182,74.260,1,1
8.541,53.372,0,0
10.007,66.226,0,1
8.577,48.455,0,0
4.659,99.288,1,2
1.446,50.672,0,0
2.973,56.884,0,0
5.794,89.576,1,2
2.590,48.658,0,0
7.871,80.027,1,1
3.154,82.164,1,2
4.854,47.517,0,0
4.504,90.743,1,2
10.333,80.545,0,1
4.675,58.279,0,0
7.245,97.520,1,2
10.065,71.125,0,1
7.931,53.174,0,0
7.672,72.780,1,1
8.799,50.790,0,0
4.535,75.617,1,1
2.880,76.329,0,1
2.773,84.868,1,2
1.515,74.612,0,1
1.258,86.085,1,1
9.151,67.096,0,1
9.726,45.323,0,0
8.750,62.242,0,0
2.737,70.485,0,1
0.896,46.569,0,0
7.873,63.904,0,1
5.982,85.421,1,2
6.341,91.546,1,2
4.503,73.522,1,1
6.472,70.466,0,1
7.926,89.779,1,2
5.341,52.141,0,0
4.831,71.312,1,1
4.886,86.950,1,2
0.888,67.210,0,0
4.202,81.576,1,2
4.364,68.784,0,1
3.023,97.258,1,2
7.448,77.694,1,1
8.523,53.361,0,0
4.452,89.982,1,2
7.848,53.942,0,0
5.625,70.305,1,1
3.565,83.652,1,2
0.799,65.565,0,0
3.601,92.623,1,2
9.340,57.079,0,0
8.862,74.171,1,1
9.936,95.162,1,2
8.378,94.049,1,2
6.890,51.099,0,0
1.057,81.911,0,1
1.231,75.817,0,1
8.892,79.321,1,1
1.872,79.190,0,1
1.763,88.313,1,2
9.636,73.112,0,1
4.649,49.841,0,0
1.390,59.982,0,0
2.763,97.157,1,2
2.880,48.903,0,0
5.424,47.567,0,0
1.281,65.745,0,0
5.625,78.472,1,1
3.694,85.525,1,2
1.329,87.849,1,1
4.897,85.776,1,2
6.394,98.246,1,2
3.569,92.104,1,2
3.812,66.018,0,1
3.855,53.259,0,0
10.051,63.379,0,0
9.167,48.850,0,0
3.750,80.318,1,2
7.886,84.706,1,1
8.971,83.324,1,1
7.245,78.675,1,1
7.497,64.940,0,1
1.306,87.924,1,2
8.577,89.758,1,2
1.071,68.054,0,0
10.362,47.169,0,0
2.543,69.926,0,1
2.732,76.628,1,1
5.158,98.096,1,2
4.353,45.484,0,0
1.719,84.331,1,1
2.150,52.170,0,0
10.175,67.477,0,1
2.554,57.494,0,0
0.833,50.783,0,0
3.679,93.866,1,2
5.248,84.450,1,2
1.200,85.332,1,1
7.325,49.856,0,0
5.224,77.999,1,1
8.789,70.070,0,1
2.939,66.277,0,1
0.977,77.414,0,1
6.023,50.411,0,0
10.479,74.724,0,1
0.872,87.612,1,1
7.943,72.399,1,1
4.911,68.954,0,1
7.585,98.720,1,2
4.057,76.115,1,1
8.835,87.254,1,2
6.082,51.267,0,0
3.719,69.990,0,1
3.833,67.334,0,1
7.019,55.388,0,0
3.335,64.457,0,1
3.652,81.986,1,2
9.885,86.291,1,1
2.720,60.880,0,0
7.387,51.904,0,0
2.091,66.220,0,0
2.474,94.022,1,2
7.414,73.829,0,1
4.301,94.376,1,2
5.031,54.167,0,0
2.805,90.701,1,2
9.658,53.753,0,0
7.676,87.708,1,2
2.977,48.509,0,0
4.092,82.396,1,2
3.179,73.477,0,1
8.403,49.778,0,0
6.699,80.789,1,1
3.730,53.398,0,0
5.881,88.509,1,2
8.236,72.430,1,1
2.950,83.567,1,2
4.434,94.431,1,2
4.561,66.170,0,1
6.067,59.130,0,0
0.942,93.208,1,2
3.812,66.447,0,1
2.578,45.161,0,0
1.872,86.234,1,2
3.951,51.075,0,0
2.812,72.704,0,1
7.098,69.433,0,1
1.535,62.240,0,0
8.793,86.086,1,2
9.180,51.090,0,0
9.999,75.597,1,1
1.614,92.679,1,2
1.199,85.345,1,1
10.052,83.418,1,1
1.431,54.075,0,0
1.756,47.135,0,0
2.494,84.276,1,2
6.598,94.690,1,2
8.454,50.328,0,0
1.169,60.951,0,0
4.061,99.836,1,2
4.293,54.682,0,0
9.945,59.989,0,0
6.659,62.102,0,0
5.106,65.233,0,1
4.272,93.136,1,2
4.057,77.981,1,1
3.043,54.931,0,0
7.577,67.284,0,1
2.093,91.594,1,2
5.969,66.362,0,1
8.264,71.745,1,1
5.587,77.774,1,1
4.901,89.534,1,2
6.830,75.317,1,1
1.152,81.502,0,1
1.332,69.641,0,0
1.447,67.000,0,0
3.404,78.200,1,1
4.552,65.695,0,1
3.643,52.459,0,0
3.953,74.822,1,1
7.429,64.534,0,0
8.476,89.054,1,2
7.784,75.084,1,1
7.544,78.657,1,1
0.960,54.036,0,0
3.843,77.840,1,1
4.508,88.358,1,2
6.727,68.112,0,1
4.826,64.267,0,1
6.435,60.030,0,0
8.386,72.668,0,1
6.247,63.498,0,1
2.835,46.653,0,0
9.586,65.224,0,0
9.027,93.185,1,2
5.273,83.072,1,2
7.948,66.489,0,0
1.180,52.975,0,0
6.511,91.871,1,2
6.447,85.538,1,2
9.851,86.919,0,1
7.700,93.524,1,2
0.677,66.113,0,0
5.428,45.897,0,0
10.019,99.892,1,2
1.852,72.722,0,1
7.094,69.907,0,1
4.103,79.885,1,1
4.623,56.430,0,0
9.632,84.820,1,1
8.804,84.624,1,1
4.020,78.584,1,1
7.224,85.362,1,2
3.224,75.489,0,1
6.030,55.202,0,0
2.338,97.280,1,2
8.323,77.651,1,1
1.883,73.907,0,0
1.196,99.275,1,2
0.687,77.318,0,1
8.770,48.219,0,0
7.380,90.576,1,2
7.121,45.944,0,0
9.630,49.379,0,0
7.535,59.183,0,0
0.903,56.564,0,0
1.207,83.975,1,1
1.026,96.113,1,2
1.567,80.466,0,1
1.597,80.912,1,1
3.067,73.853,1,1
3.681,59.201,0,0
6.051,74.745,1,1
5.147,50.667,0,0
7.867,68.081,0,1
4.633,68.718,1,1
10.420,86.923,1,1
7.699,81.239,1,1
0.509,47.452,0,0
4.679,60.560,0,1
3.480,76.014,1,1
8.271,72.016,0,1
1.095,51.502,0,0
9.236,46.771,0,0
6.680,81.681,1,1
9.249,69.786,0,1
3.814,62.814,0,1
9.703,76.434,0,1
1.117,70.833,0,0
7.693,86.861,1,2
1.603,76.188,0,1
9.543,55.714,0,0
3.587,77.793,1,2
6.645,58.726,0,0
3.537,85.502,1,2
6.933,51.567,0,0
5.066,91.525,1,2
3.043,89.763,1,2
1.234,90.234,1,2
9.678,45.854,0,0
5.204,91.428,1,2
4.037,91.414,1,2
8.182,59.574,0,0
7.546,85.576,1,1
8.725,95.842,1,2
8.138,76.122,1,1
9.345,99.466,1,2
8.371,48.998,0,0
6.879,71.529,1,1
8.292,83.694,1,1
9.608,80.460,1,1
2.219,58.606,0,0
4.439,57.815,0,0
5.160,81.093,1,2
7.336,73.948,1,1
2.699,52.935,0,0
6.062,63.058,0,1
4.347,65.674,0,1
2.142,47.447,0,0
2.718,76.298,1,1
10.074,46.519,0,0
2.751,80.133,1,1
2.700,46.264,0,0
4.173,62.854,0,1
1.342,53.343,0,0
3.470,68.511,1,1
9.555,69.535,0,1
4.416,61.442,0,1
6.078,71.618,1,1
5.583,62.086,0,0
8.842,93.518,1,2
7.637,68.584,0,1
7.310,49.324,0,0
4.043,68.743,1,1
5.530,69.763,0,1
0.976,67.991,0,0
1.822,69.773,0,0
5.834,75.061,1,1
8.750,71.524,0,1
4.509,97.603,1,2
1.204,51.123,0,0
7.735,96.496,1,2
3.972,46.874,0,0
3.851,67.276,0,1
9.572,80.023,0,1
5.772,49.406,0,0
9.948,64.129,0,0
10.408,47.027,0,0
0.792,50.970,0,0
7.925,50.095,0,0
5.827,91.615,1,2
0.969,99.770,1,2
7.268,57.626,0,0
4.501,79.125,1,1
6.827,86.689,1,2
1.606,82.125,1,1
1.804,70.473,0,1
7.371,71.210,0,1
6.075,78.210,1,1
1.910,90.656,1,2
6.691,61.953,0,1
7.165,95.027,1,2
5.927,78.441,1,1
7.496,99.483,1,2
1.718,96.197,1,2
9.990,95.920,1,2
1.972,80.438,1,1
1.348,55.223,0,0
6.288,93.382,1,2
8.726,66.822,0,1
8.968,96.436,1,2
4.912,89.719,1,2
4.307,59.232,0,1
7.441,95.407,1,2
1.585,50.923,0,0
7.139,84.738,1,1
0.805,71.164,0,0
0.737,59.100,0,0
6.321,77.374,1,1
6.157,90.958,1,2
4.343,57.186,0,0
3.003,66.618,0,1
8.826,67.586,0,1
6.815,78.789,1,1
3.193,99.576,1,2
1.938,60.613,0,0
7.417,51.468,0,0
10.023,52.499,0,0
8.298,96.578,1,2
2.674,88.856,1,2
1.650,93.959,1,2
6.596,63.750,0,1
1.378,50.739,0,0
8.384,73.646,1,1
1.377,73.506,0,1
3.582,73.117,1,1
1.493,56.543,0,0
0.814,96.003,1,2
2.844,67.410,0,1
3.281,82.372,1,2
7.664,78.546,1,1
5.472,94.134,1,2
9.365,90.861,1,2
4.390,51.580,0,0
5.511,57.076,0,0
7.038,81.284,1,1
5.389,73.378,1,1
4.274,94.262,1,2
7.954,56.408,0,0
8.529,66.170,0,1
9.177,85.540,1,2
2.573,54.624,0,0
5.005,75.658,1,1
4.927,50.245,0,0
8.684,71.392,0,1
2.853,76.678,1,1
3.071,69.156,0,1
7.628,56.084,0,0
8.964,94.456,1,2
8.668,96.895,1,2
1.062,52.640,0,0
5.034,56.192,0,0
4.125,60.273,0,1
8.235,68.969,0,1
4.871,83.884,1,2
2.633,69.392,0,1
0.631,81.781,1,1
9.900,54.437,0,0
9.265,95.584,1,2
6.072,65.639,0,1
6.994,93.056,1,2
6.071,88.647,1,2
4.081,67.435,0,1
3.522,89.226,1,2
5.567,84.156,1,2
3.503,69.649,0,1
6.100,49.357,0,0
5.296,58.493,0,0
4.906,51.855,0,0
1.053,76.862,0,1
8.163,70.861,0,1
7.781,85.954,1,2
8.769,94.658,1,2
2.344,59.931,0,0
5.147,52.216,0,0
6.733,85.966,1,2
7.688,54.614,0,0
5.238,53.668,0,0
4.996,92.708,1,2
10.264,67.679,0,0
4.868,72.368,1,1
10.233,78.413,0,1
5.192,92.315,1,2
3.065,66.341,0,1
4.139,96.300,1,2
7.874,72.737,0,1
5.464,75.220,1,1
8.211,72.158,0,1
7.926,66.766,0,1
5.717,78.801,1,1
8.088,57.556,0,0
3.145,49.780,0,0
